description,category
Direct Debit from RSPCA 4-8-2024,Charitable Donations
Faster Payment to Superdrug ref HDKA77082561596584,Health & Beauty
Dir3ct Lin3 #REF92789,Insurance
POS H0lland & Barr3tt GB,Health & Beauty
Monzo 2025-02-24,Transfer
POS M0nz0 GB,Transfer
TFL London 2025-03-21,Travel
m0nz0 - 0nlin3 purchas3,Transfer
Barclays Interest TRANSFER [3480],Income
Card Paym3nt t0 Vanguard UK 0n 2025-04-04,Investment
Faster Payment to eBay UK ref QKUX34591772103500,Shopping
Dropbox TRANSFER [5396],Technology
McDonald's #REF52764,Food & Drink
AIRBNB PAYMENT,Accommodation
Faster Payment to Direct Line ref RQUP45787105847150,Insurance
Card Payment to Trainline on 2025-03-01,Travel
Card Payment to Morrisons on 2025-05-26,Groceries
Airbnb 2025-05-09,Accommodation
POS Micr0s0ft 365 GB,Technology
POS Google Services GB,Technology
Holland & Barrett TRANSFER [5338],Health & Beauty
MICROSOFT 365 PAYMENT,Technology
Thames Water 2025-01-20,Utilities
Trav3l0dg3 TRANSFER [7160],Accommodation
Direct Debit from O2 UK 4-5-2024,Utilities
MICROSOFT 365 PAYMENT,Technology
mcdonald's - online purchase,Food & Drink
POS Micr0s0ft 365 GB,Technology
Card Payment to RSPCA on 2025-01-04,Charitable Donations
Vanguard UK #REF53656,Investment
EE Mobile #REF24614,Utilities
Faster Payment to Google Services ref JWXI27571897000769,Technology
appl3.c0m/bill - 0nlin3 purchas3,Technology
Vanguard UK 2025-03-01,Investment
PREMIER INN PAYMENT,Accommodation
Holland & Barrett TRANSFER [8550],Health & Beauty
POS Cancer Research UK GB,Charitable Donations
Faster Payment to McDonald's ref RTLY41953435004465,Food & Drink
airbnb - online purchase,Accommodation
Barclays Interest TRANSFER [7743],Income
Direct Debit from John Lewis 22-11-2024,Shopping
Trainline #REF69046,Travel
POS Costa Coffee GB,Food & Drink
Faster Payment to Holland & Barrett ref ZRFI32772281991123,Health & Beauty
AVIVA PAYMENT,Insurance
SAINSBURY'S LOCAL PAYMENT,Groceries
ASDA PAYMENT,Groceries
kfc - online purchase,Food & Drink
Fast3r Paym3nt t0 Amaz0n UK r3f RKSR40544972995985,Shopping
b00ts - 0nlin3 purchas3,Health & Beauty
Hargreaves Lansdown #REF48365,Investment
Direct Line TRANSFER [5240],Insurance
Card Paym3nt t0 Pr3mi3r Inn 0n 2025-01-13,Accommodation
RSPCA PAYMENT,Charitable Donations
Faster Payment to RSPCA ref MKSH00335175502545,Charitable Donations
Aviva #REF65311,Insurance
Card Payment to EE Mobile on 2025-06-03,Utilities
tfl london - online purchase,Travel
tham3s wat3r - 0nlin3 purchas3,Utilities
Direct Line #REF96888,Insurance
AVIVA PAYMENT,Insurance
POS Dropbox GB,Technology
AIRBNB PAYMENT,Accommodation
POS KFC GB,Food & Drink
Micr0s0ft 365 TRANSFER [8026],Technology
TESCO EXTRA PAYMENT,Groceries
GIVEASYOULIVE PAYMENT,Charitable Donations
Card Payment to Starbucks on 2025-04-16,Food & Drink
POS EasyJet GB,Travel
Faster Payment to Microsoft 365 ref EHOJ28122689321962,Technology
Card Payment to Airbnb on 2025-02-28,Accommodation
POS Argos GB,Shopping
BRITISH GAS PAYMENT,Utilities
HOLLAND & BARRETT PAYMENT,Health & Beauty
POS Payroll Ltd GB,Income
Faster Payment to Costa Coffee ref IZYP39205117511590,Food & Drink
POS Sainsbury's Local GB,Groceries
Fast3r Paym3nt t0 Ub3r BV r3f YNQR64376777554801,Travel
Card Paym3nt t0 KFC 0n 2025-01-29,Food & Drink
POS Holland & Barrett GB,Health & Beauty
Argos #REF31483,Shopping
Cancer Research UK 2025-02-26,Charitable Donations
MORRISONS PAYMENT,Groceries
Card Paym3nt t0 Wis3 0n 2025-04-02,Transfer
BARCLAYS INTEREST PAYMENT,Income
Card Payment to Apple.com/Bill on 2025-01-15,Technology
Hargr3av3s Lansd0wn #REF88540,Investment
LIDL PAYMENT,Groceries
POS Aldi GB,Groceries
Aldi TRANSFER [2268],Groceries
Direct Debit from Vodafone UK 22-6-2024,Utilities
HMRC Refund 2025-05-05,Income
O2 UK TRANSFER [2782],Utilities
Payr0ll Ltd TRANSFER [1099],Income
Starbucks #REF89720,Food & Drink
Dir3ct D3bit fr0m Wis3 28-11-2023,Transfer
John Lewis TRANSFER [9255],Shopping
starbucks - online purchase,Food & Drink
HMRC Refund 2025-03-07,Income
thames water - online purchase,Utilities
REVOLUT PAYMENT,Transfer
Heathrow Express #REF45128,Travel
MICROSOFT 365 PAYMENT,Technology
HEATHROW EXPRESS PAYMENT,Travel
Sup3rdrug 2025-02-27,Health & Beauty
Airbnb #REF81752,Accommodation
Fast3r Paym3nt t0 H3athr0w Expr3ss r3f ACSS00513026990694,Travel
Faster Payment to HMRC Refund ref USBU52349260661460,Income
DIRECT LINE PAYMENT,Insurance
airbnb - online purchase,Accommodation
Direct Debit from Google Services 28-11-2022,Technology
sainsbury's local - online purchase,Groceries
Direct Debit from Aviva 24-1-2024,Insurance
Direct Debit from Morrisons 12-9-2024,Groceries
o2 uk - online purchase,Utilities
POS Boots GB,Health & Beauty
Card Payment to EE Mobile on 2025-03-10,Utilities
Card Payment to eBay UK on 2025-04-19,Shopping
Direct Debit from Premier Inn 18-11-2022,Accommodation
POS Greggs GB,Food & Drink
Faster Payment to iShares ETF ref SSZE45164953084852,Investment
Faster Payment to Sainsbury's Local ref GRIU10774826094952,Groceries
POS Monzo GB,Transfer
Dir3ct D3bit fr0m Airbnb 26-1-2022,Accommodation
Faster Payment to Airbnb ref KOHS92216510213201,Accommodation
Hargreaves Lansdown 2025-04-10,Investment
Direct Debit from RSPCA 3-9-2022,Charitable Donations
Direct Debit from British Gas 9-9-2022,Utilities
JOHN LEWIS PAYMENT,Shopping
pret a manger - online purchase,Food & Drink
lidl - online purchase,Groceries
Dir3ct Lin3 2025-02-27,Insurance
Direct Debit from Payroll Ltd 15-7-2022,Income
Card Paym3nt t0 Starbucks 0n 2025-04-02,Food & Drink
Airbnb 2025-04-26,Accommodation
O2 UK #REF61391,Utilities
Wise 2025-04-25,Transfer
POS Airbnb GB,Accommodation
Faster Payment to Costa Coffee ref HQUY06803002256528,Food & Drink
Morrisons 2025-02-02,Groceries
Card Payment to Lidl on 2025-05-09,Groceries
POS Sainsbury's Local GB,Groceries
Direct Debit from Pret A Manger 28-1-2024,Food & Drink
British Gas 2025-02-11,Utilities
Faster Payment to Barclays Interest ref TXDH23511993097450,Income
Vanguard UK TRANSFER [8952],Investment
Card Paym3nt t0 M0nz0 0n 2025-01-24,Transfer
Card Payment to TFL London on 2025-05-27,Travel
Card Payment to Vanguard UK on 2025-04-04,Investment
Gr3ggs #REF97386,Food & Drink
Barclays Interest 2025-03-12,Income
POS Aldi GB,Groceries
Card Payment to eBay UK on 2025-01-13,Shopping
Card Paym3nt t0 O2 UK 0n 2025-05-01,Utilities
POS Dropbox GB,Technology
Trainline 2025-04-25,Travel
POS Google Services GB,Technology
Card Payment to Dropbox on 2025-01-12,Technology
3bay uk - 0nlin3 purchas3,Shopping
Card Payment to Legal & General on 2025-01-14,Insurance
R3v0lut #REF49452,Transfer
Direct Debit from Vanguard UK 13-10-2023,Investment
Faster Payment to Aviva ref DUUK11639710797378,Insurance
SAINSBURY'S LOCAL PAYMENT,Groceries
POS Dir3ct Lin3 GB,Insurance
cancer research uk - online purchase,Charitable Donations
Wise 2025-05-17,Transfer
GOOGLE SERVICES PAYMENT,Technology
barclays interest - online purchase,Income
Airbnb 2025-01-10,Accommodation
Direct Debit from Hargreaves Lansdown 3-5-2023,Investment
Aviva 2025-01-08,Insurance
Amazon UK #REF14833,Shopping
Direct Debit from Heathrow Express 15-10-2023,Travel
PAYROLL LTD PAYMENT,Income
POS Barclays Interest GB,Income
Card Payment to WaterAid UK on 2025-03-19,Charitable Donations
POS Uber BV GB,Travel
Trainline TRANSFER [4071],Travel
Direct Debit from Google Services 9-10-2023,Technology
McD0nald's 2025-01-24,Food & Drink
Sainsbury's Local TRANSFER [2089],Groceries
KFC TRANSFER [9333],Food & Drink
Card Paym3nt t0 V0daf0n3 UK 0n 2025-05-30,Utilities
Direct Debit from Barclays Interest 26-7-2023,Income
wise - online purchase,Transfer
MORRISONS PAYMENT,Groceries
revolut - online purchase,Transfer
Dir3ct D3bit fr0m Barclays Int3r3st 19-2-2024,Income
Micr0s0ft 365 #REF24982,Technology
POS Vodafone UK GB,Utilities
Revolut 2025-03-13,Transfer
TFL London #REF98516,Travel
Card Payment to TFL London on 2025-03-23,Travel
EBAY UK PAYMENT,Shopping
PRET A MANGER PAYMENT,Food & Drink
sainsbury's local - online purchase,Groceries
Card Payment to British Gas on 2025-04-05,Utilities
john lewis - online purchase,Shopping
m0nz0 - 0nlin3 purchas3,Transfer
Card Payment to eBay UK on 2025-02-02,Shopping
Faster Payment to Legal & General ref ZEIU33010564535739,Insurance
O2 UK PAYMENT,Utilities
AMAZON UK PAYMENT,Shopping
mcdonald's - online purchase,Food & Drink
Direct Debit from Legal & General 20-9-2022,Insurance
Revolut TRANSFER [4234],Transfer
Monzo 2025-05-30,Transfer
Hargr3av3s Lansd0wn #REF37697,Investment
Direct Debit from Argos 10-8-2023,Shopping
Monzo #REF46325,Transfer
Card Payment to Cancer Research UK on 2025-03-31,Charitable Donations
tfl london - online purchase,Travel
Superdrug 2025-04-06,Health & Beauty
RSPCA #REF59337,Charitable Donations
iShares ETF TRANSFER [3297],Investment
TFL LONDON PAYMENT,Travel
Google Services TRANSFER [8997],Technology
Ub3r BV 2025-02-01,Travel
HEATHROW EXPRESS PAYMENT,Travel
Direct Debit from Pret A Manger 5-9-2024,Food & Drink
Microsoft 365 #REF52808,Technology
google services - online purchase,Technology
M0rris0ns 2025-05-30,Groceries
Direct Debit from Starbucks 6-9-2022,Food & Drink
POS Cancer Research UK GB,Charitable Donations
EasyJet TRANSFER [6325],Travel
Greggs 2025-04-22,Food & Drink
Thames Water 2025-05-13,Utilities
Card Payment to Vodafone UK on 2025-03-31,Utilities
Direct Debit from Microsoft 365 16-12-2024,Technology
eBay UK #REF63347,Shopping
Faster Payment to Starbucks ref OKYC35491074256130,Food & Drink
Card Payment to Barclays Interest on 2025-02-04,Income
Card Payment to HMRC Refund on 2025-05-19,Income
LEGAL & GENERAL PAYMENT,Insurance
Faster Payment to Revolut ref JWFY36231025023212,Transfer
Aviva 2025-01-04,Insurance
Fast3r Paym3nt t0 Gr3ggs r3f ILXO40992241097496,Food & Drink
Revolut #REF81331,Transfer
Faster Payment to Amazon UK ref PTOU42147673445319,Shopping
Argos TRANSFER [2888],Shopping
CANCER RESEARCH UK PAYMENT,Charitable Donations
UBER BV PAYMENT,Travel
J0hn L3wis 2025-05-10,Shopping
Direct Debit from Cancer Research UK 10-7-2023,Charitable Donations
ub3r bv - 0nlin3 purchas3,Travel
Direct Line TRANSFER [7675],Insurance
Card Payment to HMRC Refund on 2025-01-03,Income
Direct Debit from Lidl 25-10-2023,Groceries
Faster Payment to iShares ETF ref AHJU69747324034327,Investment
POS John Lewis GB,Shopping
Fast3r Paym3nt t0 Ub3r BV r3f DRTD40195237892893,Travel
Faster Payment to Wise ref HRHU30756649949647,Transfer
Direct Debit from Hargreaves Lansdown 6-1-2022,Investment
Card Payment to Giveasyoulive on 2025-05-15,Charitable Donations
Card Payment to Microsoft 365 on 2025-01-12,Technology
POS Superdrug GB,Health & Beauty
Card Payment to WaterAid UK on 2025-03-18,Charitable Donations
TFL London #REF20141,Travel
Faster Payment to Revolut ref JSQP33024088107831,Transfer
Vanguard UK #REF52763,Investment
Dir3ct D3bit fr0m Wis3 1-10-2024,Transfer
Tesco Extra #REF29353,Groceries
Revolut TRANSFER [3786],Transfer
Card Payment to Legal & General on 2025-01-07,Insurance
EASYJET PAYMENT,Travel
HMRC Refund #REF65153,Income
TESCO EXTRA PAYMENT,Groceries
Card Payment to Aviva on 2025-03-03,Insurance
mcdonald's - online purchase,Food & Drink
Direct Debit from EasyJet 18-2-2024,Travel
Card Payment to Revolut on 2025-03-05,Transfer
Card Payment to Revolut on 2025-01-10,Transfer
Dir3ct D3bit fr0m O2 UK 15-10-2023,Utilities
Direct Debit from Thames Water 21-12-2024,Utilities
Faster Payment to Greggs ref UCXI85983534618338,Food & Drink
Faster Payment to Microsoft 365 ref YYTN48809317997153,Technology
POS Boots GB,Health & Beauty
Card Payment to Cancer Research UK on 2025-03-10,Charitable Donations
POS Heathrow Express GB,Travel
Wise TRANSFER [5710],Transfer
Vanguard UK TRANSFER [3131],Investment
POS EasyJ3t GB,Travel
lidl - online purchase,Groceries
Google Services TRANSFER [5640],Technology
HOLLAND & BARRETT PAYMENT,Health & Beauty
Direct Debit from Payroll Ltd 11-2-2024,Income
Microsoft 365 #REF75789,Technology
Microsoft 365 TRANSFER [3354],Technology
Card Payment to Payroll Ltd on 2025-05-17,Income
airbnb - online purchase,Accommodation
Faster Payment to Heathrow Express ref JQZG36663635925836,Travel
POS EE Mobile GB,Utilities
Faster Payment to Argos ref KXPQ01459337623764,Shopping
O2 UK TRANSFER [3038],Utilities
Trainline 2025-02-25,Travel
giveasyoulive - online purchase,Charitable Donations
POS Costa Coffee GB,Food & Drink
KFC TRANSFER [5873],Food & Drink
ALDI PAYMENT,Groceries
Airbnb TRANSFER [4557],Accommodation
rspca - online purchase,Charitable Donations
Direct Debit from Legal & General 3-10-2022,Insurance
b00ts - 0nlin3 purchas3,Health & Beauty
Faster Payment to Starbucks ref LNUU39664388134244,Food & Drink
sainsbury's l0cal - 0nlin3 purchas3,Groceries
Faster Payment to Superdrug ref XWVS45481083872665,Health & Beauty
pret a manger - online purchase,Food & Drink
Direct Line TRANSFER [8036],Insurance
Direct Debit from RSPCA 22-9-2024,Charitable Donations
Direct Debit from Microsoft 365 22-5-2024,Technology
T3sc0 Extra #REF99732,Groceries
revolut - online purchase,Transfer
WaterAid UK TRANSFER [1390],Charitable Donations
KFC #REF45379,Food & Drink
Aviva TRANSFER [9730],Insurance
eBay UK 2025-03-01,Shopping
dr0pb0x - 0nlin3 purchas3,Technology
Dropbox #REF55226,Technology
Faster Payment to Monzo ref NVYH28409671564892,Transfer
Fast3r Paym3nt t0 Trav3l0dg3 r3f AQDE25135936394108,Accommodation
Asda 2025-04-13,Groceries
HMRC R3fund 2025-05-21,Income
Direct Line #REF43578,Insurance
Card Payment to Payroll Ltd on 2025-02-15,Income
Card Payment to Direct Line on 2025-03-19,Insurance
Payroll Ltd #REF79206,Income
Card Payment to Asda on 2025-06-01,Groceries
Faster Payment to Premier Inn ref PFPS70872217204634,Accommodation
Card Payment to Pret A Manger on 2025-03-04,Food & Drink
Tesco Extra 2025-01-29,Groceries
lidl - online purchase,Groceries
iShares ETF 2025-04-19,Investment
Card Payment to Amazon UK on 2025-01-08,Shopping
Monzo #REF37996,Transfer
Card Payment to Giveasyoulive on 2025-04-12,Charitable Donations
EasyJ3t TRANSFER [8117],Travel
POS Lidl GB,Groceries
33 m0bil3 - 0nlin3 purchas3,Utilities
Greggs TRANSFER [1669],Food & Drink
Direct Debit from Direct Line 8-12-2022,Insurance
Card Payment to Premier Inn on 2025-02-21,Accommodation
Faster Payment to Airbnb ref CMSB86558674078552,Accommodation
Fast3r Paym3nt t0 Wat3rAid UK r3f TBKW92132936889624,Charitable Donations
Direct Debit from Pret A Manger 3-3-2023,Food & Drink
Card Payment to HMRC Refund on 2025-05-10,Income
EE MOBILE PAYMENT,Utilities
Apple.com/Bill 2025-04-28,Technology
Dir3ct D3bit fr0m KFC 27-5-2024,Food & Drink
Faster Payment to Tesco Extra ref DGKY38034884316386,Groceries
Tham3s Wat3r 2025-04-20,Utilities
Card Payment to Airbnb on 2025-05-11,Accommodation
apple.com/bill - online purchase,Technology
Direct Debit from Superdrug 18-11-2024,Health & Beauty
Thames Water TRANSFER [8545],Utilities
Apple.com/Bill TRANSFER [4813],Technology
Vodafone UK 2025-05-27,Utilities
Faster Payment to John Lewis ref UVYY06551547934351,Shopping
HMRC Refund #REF33732,Income
POS Premier Inn GB,Accommodation
Barclays Interest TRANSFER [2590],Income
Wise 2025-02-18,Transfer
POS O2 UK GB,Utilities
JOHN LEWIS PAYMENT,Shopping
Thames Water 2025-03-25,Utilities
RSPCA #REF20066,Charitable Donations
Airbnb #REF45336,Accommodation
Lidl 2025-05-14,Groceries
Uber BV 2025-01-20,Travel
Premier Inn #REF49485,Accommodation
Direct Debit from Premier Inn 26-5-2023,Accommodation
Dir3ct D3bit fr0m Ub3r BV 27-1-2024,Travel
O2 UK TRANSFER [9805],Utilities
POS Vanguard UK GB,Investment
POS Gr3ggs GB,Food & Drink
Fast3r Paym3nt t0 Pr3t A Mang3r r3f OXRP50868569551723,Food & Drink
EASYJET PAYMENT,Travel
Fast3r Paym3nt t0 Canc3r R3s3arch UK r3f EMDC26859955088395,Charitable Donations
WaterAid UK TRANSFER [1077],Charitable Donations
Direct Debit from Argos 26-12-2022,Shopping
POS RSPCA GB,Charitable Donations
POS H3athr0w Expr3ss GB,Travel
Card Payment to Morrisons on 2025-04-20,Groceries
POS Monzo GB,Transfer
Argos 2025-03-08,Shopping
Revolut 2025-01-01,Transfer
EE MOBILE PAYMENT,Utilities
Faster Payment to Holland & Barrett ref BMQA35190300633913,Health & Beauty
Legal & General #REF77225,Insurance
Dir3ct D3bit fr0m HMRC R3fund 19-8-2023,Income
Dir3ct D3bit fr0m British Gas 26-11-2023,Utilities
POS Trainline GB,Travel
M0nz0 #REF33347,Transfer
Pr3t A Mang3r #REF10143,Food & Drink
premier inn - online purchase,Accommodation
POS Aldi GB,Groceries
POS McDonald's GB,Food & Drink
Airbnb TRANSFER [1417],Accommodation
Card Payment to Morrisons on 2025-02-15,Groceries
Faster Payment to Heathrow Express ref QRZM55599273010892,Travel
wise - online purchase,Transfer
POS Aldi GB,Groceries
POS Microsoft 365 GB,Technology
LIDL PAYMENT,Groceries
Uber BV 2025-04-30,Travel
Card Payment to Payroll Ltd on 2025-02-14,Income
Monzo TRANSFER [5106],Transfer
Direct Debit from Trainline 10-6-2022,Travel
STARBUCKS PAYMENT,Food & Drink
trainline - online purchase,Travel
APPLE.COM/BILL PAYMENT,Technology
MCDONALD'S PAYMENT,Food & Drink
Heathrow Express TRANSFER [9781],Travel
Faster Payment to Wise ref YBPD53576617548385,Transfer
m0nz0 - 0nlin3 purchas3,Transfer
amazon uk - online purchase,Shopping
Direct Debit from HMRC Refund 4-8-2023,Income
Costa Coffee 2025-01-06,Food & Drink
Card Payment to Legal & General on 2025-03-28,Insurance
RSPCA TRANSFER [6297],Charitable Donations
Direct Debit from Premier Inn 10-7-2022,Accommodation
POS Holland & Barrett GB,Health & Beauty
O2 UK 2025-02-01,Utilities
SUPERDRUG PAYMENT,Health & Beauty
Card Paym3nt t0 C0sta C0ff33 0n 2025-06-02,Food & Drink
John Lewis 2025-05-08,Shopping
Legal & General TRANSFER [2539],Insurance
POS Google Services GB,Technology
Gr3ggs 2025-06-01,Food & Drink
BRITISH GAS PAYMENT,Utilities
POS Pret A Manger GB,Food & Drink
POS Heathrow Express GB,Travel
Card Payment to Sainsbury's Local on 2025-05-28,Groceries
Faster Payment to EasyJet ref FVPK27941062824758,Travel
Direct Debit from Direct Line 25-11-2022,Insurance
AVIVA PAYMENT,Insurance
Dir3ct D3bit fr0m Tham3s Wat3r 11-1-2023,Utilities
eBay UK 2025-02-15,Shopping
Card Payment to Apple.com/Bill on 2025-03-12,Technology
Card Payment to Starbucks on 2025-05-12,Food & Drink
Faster Payment to Tesco Extra ref LJLV99305023555112,Groceries
Uber BV TRANSFER [8283],Travel
Wis3 2025-01-19,Transfer
3bay uk - 0nlin3 purchas3,Shopping
POS Payr0ll Ltd GB,Income
POS Trainline GB,Travel
tesco extra - online purchase,Groceries
GOOGLE SERVICES PAYMENT,Technology
Card Paym3nt t0 Wis3 0n 2025-05-12,Transfer
Asda #REF74284,Groceries
Wat3rAid UK #REF67716,Charitable Donations
Direct Debit from TFL London 14-2-2024,Travel
Direct Debit from Vanguard UK 10-5-2023,Investment
Card Paym3nt t0 Wis3 0n 2025-01-02,Transfer
Cancer Research UK TRANSFER [9391],Charitable Donations
SUPERDRUG PAYMENT,Health & Beauty
HARGREAVES LANSDOWN PAYMENT,Investment
Faster Payment to Hargreaves Lansdown ref OBCZ84814315446852,Investment
canc3r r3s3arch uk - 0nlin3 purchas3,Charitable Donations
Morrisons TRANSFER [6264],Groceries
morrisons - online purchase,Groceries
Direct Debit from Lidl 8-12-2022,Groceries
Barclays Int3r3st TRANSFER [1658],Income
Direct Debit from Wise 25-5-2023,Transfer
LEGAL & GENERAL PAYMENT,Insurance
TRAINLINE PAYMENT,Travel
Giveasyoulive 2025-05-09,Charitable Donations
Google Services #REF80716,Technology
Amaz0n UK #REF97394,Shopping
Direct Debit from Aldi 14-5-2023,Groceries
wateraid uk - online purchase,Charitable Donations
POS Aldi GB,Groceries
POS Hargr3av3s Lansd0wn GB,Investment
33 m0bil3 - 0nlin3 purchas3,Utilities
easyjet - online purchase,Travel
Card Payment to Amazon UK on 2025-05-20,Shopping
Barclays Int3r3st 2025-05-01,Income
Direct Debit from Sainsbury's Local 10-8-2024,Groceries
Aldi #REF29126,Groceries
British Gas TRANSFER [3851],Utilities
POS HMRC Refund GB,Income
Apple.com/Bill #REF67293,Technology
Card Payment to Payroll Ltd on 2025-01-29,Income
EBAY UK PAYMENT,Shopping
lidl - online purchase,Groceries
Trainline 2025-01-12,Travel
Fast3r Paym3nt t0 KFC r3f GBAN89141553293256,Food & Drink
AVIVA PAYMENT,Insurance
payroll ltd - online purchase,Income
JOHN LEWIS PAYMENT,Shopping
3bay uk - 0nlin3 purchas3,Shopping
Faster Payment to Travelodge ref NUAL53951600072571,Accommodation
Faster Payment to Revolut ref QCWS89522322312708,Transfer
POS O2 UK GB,Utilities
B00ts 2025-03-12,Health & Beauty
Direct Debit from Wise 4-10-2022,Transfer
Fast3r Paym3nt t0 Micr0s0ft 365 r3f PETQ96145306399850,Technology
VANGUARD UK PAYMENT,Investment
uber bv - online purchase,Travel
Cancer Research UK 2025-04-21,Charitable Donations
Direct Debit from Lidl 4-6-2023,Groceries
Card Payment to Cancer Research UK on 2025-05-12,Charitable Donations
POS Monzo GB,Transfer
Card Payment to Travelodge on 2025-05-02,Accommodation
Google Services #REF28277,Technology
Direct Debit from Vodafone UK 20-3-2023,Utilities
Wise TRANSFER [5917],Transfer
lidl - 0nlin3 purchas3,Groceries
Vodafone UK 2025-03-23,Utilities
Direct Debit from Vodafone UK 7-1-2024,Utilities
Faster Payment to Morrisons ref MRWF04935251546999,Groceries
Faster Payment to Aldi ref TIPM65633633152850,Groceries
Card Payment to Dropbox on 2025-03-09,Technology
PRET A MANGER PAYMENT,Food & Drink
BARCLAYS INTEREST PAYMENT,Income
John Lewis #REF21063,Shopping
Appl3.c0m/Bill 2025-06-01,Technology
Direct Debit from Direct Line 9-5-2022,Insurance
TFL LONDON PAYMENT,Travel
Monzo TRANSFER [6909],Transfer
Direct Debit from iShares ETF 7-2-2024,Investment
Card Payment to Boots on 2025-02-10,Health & Beauty
iShares ETF #REF12647,Investment
ishares etf - online purchase,Investment
Card Payment to Google Services on 2025-01-06,Technology
Tesco Extra 2025-04-21,Groceries
M0rris0ns 2025-03-22,Groceries
POS Dir3ct Lin3 GB,Insurance
Pret A Manger #REF25354,Food & Drink
KFC 2025-03-18,Food & Drink
3Bay UK #REF66368,Shopping
Direct Debit from Aldi 9-10-2023,Groceries
POS Vodafone UK GB,Utilities
Direct Debit from Heathrow Express 16-3-2024,Travel
Apple.com/Bill TRANSFER [9708],Technology
TFL London 2025-01-11,Travel
Cancer Research UK #REF82399,Charitable Donations
Faster Payment to Microsoft 365 ref PSBA96903326695818,Technology
starbucks - 0nlin3 purchas3,Food & Drink
REVOLUT PAYMENT,Transfer
travelodge - online purchase,Accommodation
Faster Payment to eBay UK ref GSAW39857644978332,Shopping
Card Payment to RSPCA on 2025-03-26,Charitable Donations
trav3l0dg3 - 0nlin3 purchas3,Accommodation
R3v0lut #REF89988,Transfer
Direct Debit from KFC 7-11-2022,Food & Drink
MICROSOFT 365 PAYMENT,Technology
Card Payment to Costa Coffee on 2025-02-15,Food & Drink
POS Amazon UK GB,Shopping
3Bay UK TRANSFER [4397],Shopping
Direct Debit from Premier Inn 9-12-2024,Accommodation
Direct Debit from Apple.com/Bill 27-7-2023,Technology
trainline - online purchase,Travel
Direct Debit from Uber BV 1-10-2023,Travel
POS McDonald's GB,Food & Drink
RSPCA 2025-02-18,Charitable Donations
Apple.com/Bill #REF54851,Technology
POS H3athr0w Expr3ss GB,Travel
Costa Coffee 2025-03-27,Food & Drink
POS Dropbox GB,Technology
Direct Debit from Payroll Ltd 11-9-2023,Income
Card Payment to British Gas on 2025-05-03,Utilities
POS H3athr0w Expr3ss GB,Travel
Asda #REF18102,Groceries
POS Holland & Barrett GB,Health & Beauty
Monzo 2025-05-30,Transfer
Aldi #REF89132,Groceries
costa coffee - online purchase,Food & Drink
TFL LONDON PAYMENT,Travel
Microsoft 365 2025-05-13,Technology
Direct Debit from Vodafone UK 20-5-2022,Utilities
HOLLAND & BARRETT PAYMENT,Health & Beauty
Revolut TRANSFER [5032],Transfer
STARBUCKS PAYMENT,Food & Drink
KFC TRANSFER [8402],Food & Drink
Heathrow Express 2025-01-05,Travel
Card Payment to Revolut on 2025-05-25,Transfer
Card Paym3nt t0 KFC 0n 2025-03-18,Food & Drink
Starbucks 2025-04-25,Food & Drink
POS Barclays Interest GB,Income
33 m0bil3 - 0nlin3 purchas3,Utilities
POS Giveasyoulive GB,Charitable Donations
Micr0s0ft 365 TRANSFER [6972],Technology
Direct Line TRANSFER [8613],Insurance
Aviva TRANSFER [8376],Insurance
Aviva 2025-01-31,Insurance
Direct Debit from Monzo 10-8-2023,Transfer
monzo - online purchase,Transfer
Direct Debit from Premier Inn 27-11-2022,Accommodation
uber bv - online purchase,Travel
Amazon UK 2025-03-20,Shopping
Airbnb TRANSFER [4662],Accommodation
POS Boots GB,Health & Beauty
POS Dropbox GB,Technology
Costa Coffee #REF21137,Food & Drink
Faster Payment to eBay UK ref PRTP97115655148347,Shopping
Fast3r Paym3nt t0 Dir3ct Lin3 r3f NVKF71995425314604,Insurance
POS Giveasyoulive GB,Charitable Donations
Trainline 2025-01-12,Travel
Cancer Research UK #REF32217,Charitable Donations
cancer research uk - online purchase,Charitable Donations
Ub3r BV TRANSFER [5337],Travel
Direct Debit from British Gas 19-7-2024,Utilities
Faster Payment to Apple.com/Bill ref SWXM85447237635820,Technology
Card Paym3nt t0 Sup3rdrug 0n 2025-04-08,Health & Beauty
Asda #REF89470,Groceries
Uber BV TRANSFER [4966],Travel
Card Payment to TFL London on 2025-01-14,Travel
RSPCA TRANSFER [2815],Charitable Donations
eBay UK 2025-05-10,Shopping
wise - online purchase,Transfer
POS Tham3s Wat3r GB,Utilities
rspca - online purchase,Charitable Donations
Card Payment to Holland & Barrett on 2025-02-06,Health & Beauty
G00gl3 S3rvic3s #REF48731,Technology
Card Payment to Legal & General on 2025-04-12,Insurance
Card Payment to KFC on 2025-03-03,Food & Drink
McD0nald's 2025-05-04,Food & Drink
UBER BV PAYMENT,Travel
Direct Debit from TFL London 19-10-2024,Travel
arg0s - 0nlin3 purchas3,Shopping
POS Tesco Extra GB,Groceries
Card Payment to Aviva on 2025-05-18,Insurance
Fast3r Paym3nt t0 Payr0ll Ltd r3f GCPS17993745251330,Income
WaterAid UK 2025-04-27,Charitable Donations
Dropbox 2025-04-23,Technology
Direct Debit from Argos 16-4-2024,Shopping
Dropbox TRANSFER [1727],Technology
monzo - online purchase,Transfer
POS Arg0s GB,Shopping
Card Payment to eBay UK on 2025-05-17,Shopping
HMRC Refund TRANSFER [6437],Income
Argos #REF53590,Shopping
Faster Payment to HMRC Refund ref AMWQ80336432734021,Income
Fast3r Paym3nt t0 Gr3ggs r3f ZSOW34191237564359,Food & Drink
Faster Payment to Sainsbury's Local ref NBYX16201087868783,Groceries
Sainsbury's L0cal #REF19121,Groceries
mcdonald's - online purchase,Food & Drink
Faster Payment to Superdrug ref YXYU49320761527883,Health & Beauty
POS Tesco Extra GB,Groceries
tfl l0nd0n - 0nlin3 purchas3,Travel
POS Aldi GB,Groceries
Dir3ct D3bit fr0m Aviva 9-4-2023,Insurance
Costa Coffee #REF53729,Food & Drink
POS KFC GB,Food & Drink
John Lewis TRANSFER [5111],Shopping
Thames Water #REF38131,Utilities
GREGGS PAYMENT,Food & Drink
POS Sainsbury's Local GB,Groceries
McDonald's TRANSFER [4124],Food & Drink
POS Boots GB,Health & Beauty
Card Paym3nt t0 Dir3ct Lin3 0n 2025-04-09,Insurance
Card Paym3nt t0 M0rris0ns 0n 2025-03-30,Groceries
Faster Payment to Premier Inn ref TUTH84943790467385,Accommodation
Lidl TRANSFER [2356],Groceries
hargr3av3s lansd0wn - 0nlin3 purchas3,Investment
O2 UK #REF41614,Utilities
Costa Coffee TRANSFER [6346],Food & Drink
Direct Debit from WaterAid UK 2-8-2022,Charitable Donations
John Lewis 2025-01-21,Shopping
WaterAid UK #REF41726,Charitable Donations
barclays interest - online purchase,Income
hargr3av3s lansd0wn - 0nlin3 purchas3,Investment
Faster Payment to Greggs ref AMPF27656903508610,Food & Drink
RSPCA PAYMENT,Charitable Donations
POS Sainsbury's Local GB,Groceries
john lewis - online purchase,Shopping
direct line - online purchase,Insurance
Faster Payment to Revolut ref DJJD55661569011925,Transfer
Payroll Ltd 2025-05-08,Income
HMRC REFUND PAYMENT,Income
Legal & General 2025-01-09,Insurance
Faster Payment to WaterAid UK ref AHIS23320672116961,Charitable Donations
EASYJET PAYMENT,Travel
McDonald's TRANSFER [5870],Food & Drink
Boots 2025-02-24,Health & Beauty
Boots TRANSFER [8266],Health & Beauty
Morrisons TRANSFER [4665],Groceries
LEGAL & GENERAL PAYMENT,Insurance
Faster Payment to Direct Line ref VZHD65554914435872,Insurance
POS Barclays Interest GB,Income
Faster Payment to iShares ETF ref MIZO64473024190999,Investment
Faster Payment to Giveasyoulive ref UIPA24812153830543,Charitable Donations
hargreaves lansdown - online purchase,Investment
POS HMRC Refund GB,Income
POS iShares ETF GB,Investment
apple.com/bill - online purchase,Technology
Direct Debit from British Gas 4-9-2023,Utilities
uber bv - online purchase,Travel
Card Paym3nt t0 Sainsbury's L0cal 0n 2025-05-24,Groceries
Superdrug #REF42138,Health & Beauty
POS Cancer Research UK GB,Charitable Donations
Dir3ct D3bit fr0m H3athr0w Expr3ss 16-9-2023,Travel
Direct Debit from Superdrug 19-7-2022,Health & Beauty
COSTA COFFEE PAYMENT,Food & Drink
Direct Debit from Superdrug 16-1-2022,Health & Beauty
Faster Payment to Dropbox ref CHFD54765932364718,Technology
Fast3r Paym3nt t0 R3v0lut r3f GMTX07132874817424,Transfer
POS Google Services GB,Technology
L3gal & G3n3ral #REF95416,Insurance
Direct Debit from Pret A Manger 15-8-2024,Food & Drink
UBER BV PAYMENT,Travel
Amazon UK TRANSFER [7478],Shopping
POS Uber BV GB,Travel
Fast3r Paym3nt t0 L3gal & G3n3ral r3f MQPP86695423084052,Insurance
POS Dr0pb0x GB,Technology
Card Paym3nt t0 V0daf0n3 UK 0n 2025-03-03,Utilities
POS Pret A Manger GB,Food & Drink
R3v0lut #REF97469,Transfer
superdrug - online purchase,Health & Beauty
Faster Payment to Travelodge ref NFRU25984970475514,Accommodation
POS EasyJet GB,Travel
AVIVA PAYMENT,Insurance
Hargreaves Lansdown #REF19184,Investment
apple.com/bill - online purchase,Technology
Pr3t A Mang3r TRANSFER [6457],Food & Drink
Faster Payment to Cancer Research UK ref IHYP66567915156919,Charitable Donations
Morrisons TRANSFER [7717],Groceries
MCDONALD'S PAYMENT,Food & Drink
HMRC Refund TRANSFER [3981],Income
Lidl TRANSFER [2900],Groceries
Card Payment to Holland & Barrett on 2025-03-15,Health & Beauty
Direct Debit from Barclays Interest 6-7-2022,Income
POS H0lland & Barr3tt GB,Health & Beauty
Hargreaves Lansdown 2025-05-03,Investment
Fast3r Paym3nt t0 Giv3asy0uliv3 r3f LOHI65105436907047,Charitable Donations
Cancer Research UK TRANSFER [4984],Charitable Donations
Faster Payment to KFC ref TJFG85037045964315,Food & Drink
WaterAid UK 2025-03-22,Charitable Donations
Card Payment to Costa Coffee on 2025-04-06,Food & Drink
Amazon UK TRANSFER [8315],Shopping
Legal & General 2025-04-13,Insurance
POS Cancer Research UK GB,Charitable Donations
WaterAid UK 2025-03-24,Charitable Donations
MICROSOFT 365 PAYMENT,Technology
EBAY UK PAYMENT,Shopping
Card Paym3nt t0 M0rris0ns 0n 2025-03-16,Groceries
rspca - online purchase,Charitable Donations
POS O2 UK GB,Utilities
POS Direct Line GB,Insurance
McDonald's #REF88019,Food & Drink
iShares ETF TRANSFER [2329],Investment
B00ts #REF51911,Health & Beauty
Direct Debit from Morrisons 1-10-2023,Groceries
Card Payment to Travelodge on 2025-03-08,Accommodation
Fast3r Paym3nt t0 Trainlin3 r3f TFPU08116215122532,Travel
AMAZON UK PAYMENT,Shopping
Aviva #REF57845,Insurance
vanguard uk - 0nlin3 purchas3,Investment
POS WaterAid UK GB,Charitable Donations
Card Payment to British Gas on 2025-01-08,Utilities
Trainline TRANSFER [9336],Travel
POS British Gas GB,Utilities
Morrisons #REF58934,Groceries
costa coffee - online purchase,Food & Drink
POS EE Mobile GB,Utilities
aviva - online purchase,Insurance
Direct Debit from Starbucks 26-6-2022,Food & Drink
Faster Payment to Starbucks ref OLRA99445778285745,Food & Drink
Direct Debit from Trainline 8-3-2024,Travel
AIRBNB PAYMENT,Accommodation
Card Payment to Boots on 2025-02-12,Health & Beauty
O2 UK TRANSFER [3466],Utilities
POS Vanguard UK GB,Investment
POS J0hn L3wis GB,Shopping
Faster Payment to Pret A Manger ref WPPU96758064326487,Food & Drink
POS Argos GB,Shopping
Premier Inn TRANSFER [2728],Accommodation
POS Boots GB,Health & Beauty
H0lland & Barr3tt #REF14035,Health & Beauty
GIVEASYOULIVE PAYMENT,Charitable Donations
Fast3r Paym3nt t0 H0lland & Barr3tt r3f CHVU60220866626233,Health & Beauty
Card Payment to Legal & General on 2025-03-05,Insurance
Dir3ct D3bit fr0m Aviva 28-4-2024,Insurance
HMRC REFUND PAYMENT,Income
Direct Debit from Amazon UK 11-6-2022,Shopping
3asyj3t - 0nlin3 purchas3,Travel
UBER BV PAYMENT,Travel
Legal & General 2025-02-01,Insurance
POS McDonald's GB,Food & Drink
Direct Debit from Vanguard UK 6-8-2023,Investment
Faster Payment to Morrisons ref DYAL64813463902481,Groceries
POS Greggs GB,Food & Drink
POS Lidl GB,Groceries
iShar3s ETF 2025-03-15,Investment
HOLLAND & BARRETT PAYMENT,Health & Beauty
Amaz0n UK #REF35888,Shopping
Direct Debit from Wise 20-6-2024,Transfer
Card Payment to Morrisons on 2025-04-02,Groceries
MICROSOFT 365 PAYMENT,Technology
Card Payment to Pret A Manger on 2025-05-27,Food & Drink
M0nz0 2025-04-13,Transfer
HMRC Refund 2025-04-15,Income
POS Wise GB,Transfer
easyjet - online purchase,Travel
O2 UK 2025-02-08,Utilities
Fast3r Paym3nt t0 O2 UK r3f FXFX71101930147519,Utilities
VODAFONE UK PAYMENT,Utilities
costa coffee - online purchase,Food & Drink
Direct Debit from Direct Line 7-11-2024,Insurance
Starbucks #REF29018,Food & Drink
VANGUARD UK PAYMENT,Investment
BRITISH GAS PAYMENT,Utilities
Card Payment to Boots on 2025-04-03,Health & Beauty
Asda TRANSFER [2054],Groceries
Faster Payment to Superdrug ref BUUW56633513060013,Health & Beauty
Card Payment to HMRC Refund on 2025-03-27,Income
Faster Payment to Hargreaves Lansdown ref FKRM70006568994528,Investment
Premier Inn TRANSFER [5544],Accommodation
Direct Debit from Payroll Ltd 28-7-2024,Income
RSPCA TRANSFER [1848],Charitable Donations
TRAINLINE PAYMENT,Travel
aviva - online purchase,Insurance
McDonald's 2025-03-29,Food & Drink
Payroll Ltd #REF40716,Income
KFC #REF46635,Food & Drink
Card Payment to O2 UK on 2025-02-25,Utilities
Direct Debit from Costa Coffee 19-10-2023,Food & Drink
ishares etf - online purchase,Investment
Faster Payment to Boots ref OETS86154984703870,Health & Beauty
TRAVELODGE PAYMENT,Accommodation
monzo - online purchase,Transfer
Payr0ll Ltd TRANSFER [9059],Income
Travelodge #REF85771,Accommodation
tfl london - online purchase,Travel
Premier Inn 2025-01-18,Accommodation
POS Heathrow Express GB,Travel
iShares ETF TRANSFER [6756],Investment
POS Micr0s0ft 365 GB,Technology
Direct Debit from Tesco Extra 12-10-2024,Groceries
Argos #REF91849,Shopping
Lidl TRANSFER [6448],Groceries
ebay uk - online purchase,Shopping
Lidl #REF29075,Groceries
POS Hargr3av3s Lansd0wn GB,Investment
Direct Debit from Sainsbury's Local 14-8-2024,Groceries
TFL London 2025-03-27,Travel
Tham3s Wat3r #REF90582,Utilities
Airbnb #REF53346,Accommodation
Faster Payment to Sainsbury's Local ref UDFG64245128289991,Groceries
Uber BV #REF88267,Travel
Direct Debit from Microsoft 365 10-5-2024,Technology
hargreaves lansdown - online purchase,Investment
POS Ub3r BV GB,Travel
Direct Debit from iShares ETF 21-6-2022,Investment
Dir3ct D3bit fr0m Canc3r R3s3arch UK 17-6-2023,Charitable Donations
Aldi #REF69075,Groceries
POS TFL London GB,Travel
giveasyoulive - online purchase,Charitable Donations
VANGUARD UK PAYMENT,Investment
APPLE.COM/BILL PAYMENT,Technology
arg0s - 0nlin3 purchas3,Shopping
Faster Payment to Barclays Interest ref CGVU02346918968302,Income
john lewis - online purchase,Shopping
Vanguard UK TRANSFER [5552],Investment
GIVEASYOULIVE PAYMENT,Charitable Donations
Apple.com/Bill TRANSFER [4936],Technology
Fast3r Paym3nt t0 G00gl3 S3rvic3s r3f XIDA04035896051315,Technology
hargreaves lansdown - online purchase,Investment
Faster Payment to Direct Line ref VMLG06169103513510,Insurance
Faster Payment to O2 UK ref LKBY99564346234512,Utilities
M0nz0 #REF94357,Transfer
Card Paym3nt t0 Appl3.c0m/Bill 0n 2025-01-13,Technology
POS TFL London GB,Travel
Card Payment to EE Mobile on 2025-01-03,Utilities
POS Holland & Barrett GB,Health & Beauty
Faster Payment to WaterAid UK ref UHSW31260651730090,Charitable Donations
Faster Payment to Direct Line ref FOXD94962069888772,Insurance
Amazon UK #REF73781,Shopping
LEGAL & GENERAL PAYMENT,Insurance
Direct Debit from Hargreaves Lansdown 11-2-2023,Investment
Starbucks TRANSFER [1635],Food & Drink
Giveasyoulive TRANSFER [4272],Charitable Donations
Greggs TRANSFER [9580],Food & Drink
Card Payment to McDonald's on 2025-04-10,Food & Drink
Faster Payment to TFL London ref VFEL15742360153745,Travel
TFL London #REF96286,Travel
legal & general - online purchase,Insurance
arg0s - 0nlin3 purchas3,Shopping
POS iShares ETF GB,Investment
L3gal & G3n3ral TRANSFER [3935],Insurance
Card Payment to Airbnb on 2025-01-09,Accommodation
Pr3mi3r Inn #REF19577,Accommodation
Holland & Barrett #REF16467,Health & Beauty
Pret A Manger #REF45251,Food & Drink
THAMES WATER PAYMENT,Utilities
Card Payment to John Lewis on 2025-02-21,Shopping
Card Payment to Aviva on 2025-02-14,Insurance
Faster Payment to Morrisons ref YFGD15810980147984,Groceries
Holland & Barrett #REF53738,Health & Beauty
Pr3t A Mang3r #REF51101,Food & Drink
Fast3r Paym3nt t0 Pr3t A Mang3r r3f ZJKP48441572959578,Food & Drink
Boots TRANSFER [5736],Health & Beauty
superdrug - online purchase,Health & Beauty
superdrug - online purchase,Health & Beauty
Cancer Research UK #REF84026,Charitable Donations
Faster Payment to Vanguard UK ref NCXX13361592894530,Investment
AIRBNB PAYMENT,Accommodation
iShares ETF 2025-01-25,Investment
Direct Debit from Sainsbury's Local 16-7-2022,Groceries
uber bv - online purchase,Travel
Dir3ct D3bit fr0m HMRC R3fund 24-8-2024,Income
POS Aviva GB,Insurance
Wise TRANSFER [8181],Transfer
Tesco Extra #REF15866,Groceries
POS Legal & General GB,Insurance
Card Payment to Boots on 2025-01-13,Health & Beauty
AIRBNB PAYMENT,Accommodation
Dropbox 2025-02-17,Technology
Fast3r Paym3nt t0 Lidl r3f HHHC26020391737731,Groceries
Fast3r Paym3nt t0 Barclays Int3r3st r3f GALL41607856037111,Income
Barclays Interest #REF66969,Income
Card Paym3nt t0 RSPCA 0n 2025-02-16,Charitable Donations
Faster Payment to KFC ref PCZD03793438884280,Food & Drink
Boots TRANSFER [9722],Health & Beauty
revolut - online purchase,Transfer
Card Payment to Google Services on 2025-04-14,Technology
Thames Water 2025-03-09,Utilities
Card Payment to Direct Line on 2025-04-13,Insurance
POS Asda GB,Groceries
POS McDonald's GB,Food & Drink
Faster Payment to Morrisons ref LOCD49238768624886,Groceries
Card Payment to EE Mobile on 2025-02-23,Utilities
Card Payment to Revolut on 2025-05-19,Transfer
Card Payment to Starbucks on 2025-04-26,Food & Drink
Micr0s0ft 365 TRANSFER [1209],Technology
Fast3r Paym3nt t0 Micr0s0ft 365 r3f CVRR27371963064512,Technology
Faster Payment to Vodafone UK ref UXFT74212681946194,Utilities
Direct Debit from Tesco Extra 28-11-2024,Groceries
trav3l0dg3 - 0nlin3 purchas3,Accommodation
Faster Payment to Superdrug ref LORC09211365722488,Health & Beauty
TFL LONDON PAYMENT,Travel
LEGAL & GENERAL PAYMENT,Insurance
STARBUCKS PAYMENT,Food & Drink
Card Payment to Travelodge on 2025-04-28,Accommodation
Dir3ct D3bit fr0m British Gas 17-2-2023,Utilities
Direct Debit from Tesco Extra 3-10-2023,Groceries
Faster Payment to Morrisons ref URNS74481510626947,Groceries
Direct Debit from Aviva 23-10-2023,Insurance
POS Lidl GB,Groceries
Card Payment to Travelodge on 2025-01-24,Accommodation
Faster Payment to eBay UK ref LFVH37065695080989,Shopping
Direct Debit from Airbnb 9-10-2024,Accommodation
Costa Coffee #REF72476,Food & Drink
HOLLAND & BARRETT PAYMENT,Health & Beauty
Amazon UK 2025-06-03,Shopping
Faster Payment to iShares ETF ref VHON82191917189153,Investment
Payroll Ltd 2025-01-03,Income
airbnb - online purchase,Accommodation
Direct Debit from Microsoft 365 14-2-2022,Technology
Thames Water 2025-05-14,Utilities
Faster Payment to KFC ref OIPP84981815691147,Food & Drink
ALDI PAYMENT,Groceries
Faster Payment to Hargreaves Lansdown ref NJIE11197824246146,Investment
Fast3r Paym3nt t0 HMRC R3fund r3f LIJF83860114429941,Income
Travelodge #REF69244,Accommodation
Apple.com/Bill #REF83744,Technology
McDonald's #REF17429,Food & Drink
Fast3r Paym3nt t0 Starbucks r3f SOPH22304260832751,Food & Drink
Faster Payment to British Gas ref ZWFD24635645486499,Utilities
giveasyoulive - online purchase,Charitable Donations
monzo - online purchase,Transfer
Travelodge 2025-05-14,Accommodation
Card Paym3nt t0 iShar3s ETF 0n 2025-01-21,Investment
COSTA COFFEE PAYMENT,Food & Drink
Faster Payment to Legal & General ref IPYO83733926043915,Insurance
premier inn - online purchase,Accommodation
Faster Payment to Airbnb ref RTHH21781657207209,Accommodation
Direct Debit from Uber BV 19-4-2022,Travel
Costa Coffee TRANSFER [9052],Food & Drink
pret a manger - online purchase,Food & Drink
Sainsbury's Local 2025-04-13,Groceries
POS Amazon UK GB,Shopping
aviva - online purchase,Insurance
Faster Payment to Premier Inn ref CKMR01383135739270,Accommodation
John Lewis #REF54299,Shopping
Amazon UK TRANSFER [7062],Shopping
Card Paym3nt t0 Trav3l0dg3 0n 2025-02-10,Accommodation
Direct Debit from Hargreaves Lansdown 1-10-2023,Investment
Card Payment to Starbucks on 2025-03-29,Food & Drink
asda - online purchase,Groceries
HEATHROW EXPRESS PAYMENT,Travel
POS M0rris0ns GB,Groceries
Asda TRANSFER [1150],Groceries
Premier Inn #REF74354,Accommodation
JOHN LEWIS PAYMENT,Shopping
Card Payment to Direct Line on 2025-05-28,Insurance
Giveasyoulive 2025-04-12,Charitable Donations
Card Paym3nt t0 KFC 0n 2025-02-09,Food & Drink
UBER BV PAYMENT,Travel
RSPCA PAYMENT,Charitable Donations
Fast3r Paym3nt t0 Giv3asy0uliv3 r3f MBRL12293651505393,Charitable Donations
G00gl3 S3rvic3s 2025-04-18,Technology
Card Paym3nt t0 Wis3 0n 2025-04-13,Transfer
Travelodge TRANSFER [2495],Accommodation
Uber BV #REF71137,Travel
Card Payment to Vanguard UK on 2025-04-18,Investment
TFL London 2025-03-29,Travel
Aldi #REF63850,Groceries
