text1,text2
ZELOOF LLP (bookeeping & recharge),Accountancy & Bookeeping Fees
Blouberg Accounting,Accountancy & Bookeeping Fees
Job Today S.A.,Advertising & Marketing
Betterteam,Advertising & Marketing
Mailchimp,Advertising & Marketing
The Sup Group Ltd,Advertising & Marketing
ANOTHER KIND LTD,Advertising & Marketing
Howdy Digital,Advertising & Marketing
No Name,Advertising & Marketing
Facebook Ireland Limited,Advertising & Marketing
Facebook,Advertising & Marketing
Howdy Digital Limited,Advertising & Marketing
TG Design,Advertising & Marketing
George & Willy,Advertising & Marketing
MATERIALS EVENTS LTD (MA015),Advertising & Marketing
Meta Platforms Ireland,Advertising & Marketing
Bulba,Advertising & Marketing
Cadogan Tate,Antiques and Artwork
1STDIBS,Antiques and Artwork
Marlborough,Antiques and Artwork
Nonemore Limited,Antiques and Artwork
Connolly,Antiques and Artwork
White Cube Ltd,Antiques and Artwork
Beaumont Nathan,Antiques and Artwork
Darbyshire Framing,Antiques and Artwork
Tate.org.UK,Antiques and Artwork
Croizer Fine Art,Antiques and Artwork
Beyond Print,Antiques and Artwork
Sotherbys,Antiques and Artwork
David Kordansky Gallery,Antiques and Artwork
Incubator,Antiques and Artwork
Long & Ryle Limited,Antiques and Artwork
TFA London Ltd,Antiques and Artwork
The Collector's Workshop,Antiques and Artwork
Hamiltons Galleries Limited,Antiques and Artwork
Constantine Ltd,Antiques and Artwork
Helu-Trans (HK) Pte Limited,Antiques and Artwork
Queens Limited,Antiques and Artwork
LP ART,Antiques and Artwork
Charges,Bank Charges
Bank Charges,Bank Charges
Membership Fee,Bank Charges
Non-Sterling Transaction Fee,Bank Charges
Cardmembership Fee,Bank Charges
Cash Advance Fee,Bank Charges
AFTS,Bank Charges
Commission,Bank Charges
David Coul,Bank Charges
Apron Payments Ltd,Bank Charges
Bank charges,Bank Charges
MTG -Mortgage,Bank Interest Paid
SWB Mortgages,Bank Interest Paid
Interest Received,Bank Interest Received
Bank Interest,Bank Interest Received
Kindle UK,Books and Research
Waterstone,Books and Research
Mami Wata,Books and Research
The Walt Disney,Books and Research
David's Comics,Books and Research
Sundance Institute,Books and Research
The British Museum,Books and Research
Blackwells,Books and Research
Gallery Anzenberger,Books and Research
Dougal Wilson,Books and Research
MASTERCLASS.COM,Books and Research
Alhambra,Books and Research
Analogue Wonderland,Books and Research
Gallerie Dell'Accademia,Books and Research
Arcana,Books and Research
Soren Solkaer,Books and Research
Barbican Centre,Books and Research
BFI IMAX,Books and Research
MMA Kiosk,Books and Research
RIJKSMUSEUMKASSA,Books and Research
AB*Abebooks,Books and Research
Equal Justice,Books and Research
Prime Video,Subscriptions
Tokyo Photographic Art Museum,Books and Research
Mustafa Suleyman,Books and Research
VARDOULAKIS,Books and Research
BookBank Limited,Books and Research
John Sandoe,Books and Research
Tara Cairns,Books and Research
New Yorker - Digit New York,Books and Research
APPLE.COM/BILL,Books and Research
Audible UK,Books and Research
CKO*Wob,Books and Research
Daunt Books,Books and Research
Hatchards,Books and Research
Audible,Books and Research
BRITISH FILM INSTITUTE LONDON,Books and Research
THE ECONOMIST The Econo LONDON,Books and Research
Kettles Yard,Books and Research
NEUE NATIONALGALERIE BERLIN,Books and Research
KULTURFORUM BERLIN,Books and Research
LAGARDERE RETAIL,Books and Research
LAGARDERE RETAIL-FIL,Books and Research
HAMBURGER BAHNHOF BERLIN,Books and Research
ALTES MUSEUM BERLIN,Books and Research
"Delaware North, Emirate London",Books and Research
John Sandoe Books London,Books and Research
DAVID CAPPAERT,Books and Research
THE L&R BOOKSHOP THE L&,Books and Research
DELFONT MACKINTOSH,Books and Research
THE FIFTH STEP,Books and Research
Avis,Car Hire
Avis Rent A Car,Car Hire
AVIS CENTRAL,Car Hire
Elis Brigham,Clothing Costs
Showpeakomotesando Tokyo,Clothing Costs
HAIRDRESSIN,Clothing Costs
SHINER'S SALOON,Clothing Costs
LINDBERGH,Clothing Costs
CHRISTIAN LOUBOUTIN,Clothing Costs
Sons,Clothing Costs
County Clothes,Clothing Costs
ASHWORTH AND BIRD,Clothing Costs
CHRISTIAN LOUBOUTIN LLC,Clothing Costs
Microsoft*Store,Computer & IT matters
Wellmade Tom Ferrall,Computer & IT matters
IMPACT EPOS LTD,Computer & IT matters
Lightspeed Billing UK,Computer & IT matters
Phono Worldwide,Computer & IT matters
DESIGN MY NIGHT,Computer & IT matters
ARGOS LIMITED,Computer & IT matters
EuroPC Ltd,Computer & IT matters
MICROSOFT,Computer & IT matters
LastPass Log In,Computer & IT matters
Final Draft,Computer & IT matters
Entertainment Partners,Computer & IT matters
Software 1985,Computer & IT matters
Teamviewer,Computer & IT matters
Viasat In-Flight Wi-Fi,Computer & IT matters
Express VPN,Computer & IT matters
paddle.net,Computer & IT matters
Name-Cheap,Computer & IT matters
R S Traders,Computer & IT matters
Google,Computer & IT matters
Hands Shibuya - Tokyo,Computer & IT matters
A0482 Ents London,Computer & IT matters
City Hive,Computer & IT matters
Telegraph Media Group,Computer & IT matters
SP Botaniques London,Computer & IT matters
X7279 Ents London,Computer & IT matters
NAS INFLIGHT WIFI,Computer & IT matters
SURREY.KEYIVR. B'HAM,Computer & IT matters
Dropbox,Computer & IT matters
IM SOFTWARE LTD,Computer & IT matters
DROPBOXINTE,Computer & IT matters
CLEVERBRIDGE,Computer & IT matters
im software,Computer & IT matters
Gatwick Parking,Computer & IT matters
Patreon* MembershipPat (Internet),Computer & IT matters
Howdy Digital,Consultancy Fees
Birtwistle & Co,Consultancy Fees
CPLDN Consulting,Consultancy Fees
LEAF CHIEFS,Consultancy Fees
Credit Card charges,Credit card fee
Deposits Collected Aug 23 - Deposits Collected Aug 23,Customer Deposits Held
Deposits Collected Sep 23 - Deposits Collected Sep 23,Customer Deposits Held
Deposits Collected Jul 24 - Deposits Collected Jul 24,Customer Deposits Held
Aug24 Paymentsense bal to deposits - Aug24 Paymentsense bal to deposits,Customer Deposits Held
SEP24 Paymentsense bal to deposits - SEP24 Paymentsense bal to deposits,Customer Deposits Held
NOV24 Paymentsense bal to deposits - NOV24 Paymentsense bal to deposits,Customer Deposits Held
DEC24 Paymentsense bal to deposits - DEC24 Paymentsense bal to deposits,Customer Deposits Held
JAN25 Paymentsense bal to deposits - JAN25 Paymentsense bal to deposits,Customer Deposits Held
FEB25 Paymentsense bal to deposits - FEB25 Paymentsense bal to deposits,Customer Deposits Held
MAR25 Paymentsense bal to deposits - MAR25 Paymentsense bal to deposits,Customer Deposits Held
MAY25 Paymentsense bal to deposits - MAY25 Paymentsense bal to deposits,Customer Deposits Held
Customer Deposits Correction W/O - Customer Deposits Correction W/O (re: May-24 Elemis trivial diff),Customer Deposits Held
Luca Pilato,Decoration
RAYMENT SIGNS,Decoration
TheAudioAbode,Decoration
Candle King,Decorations
Toby Birtwistle & Co,DESIGN Professional Fees
Wallet Load,Directors' Loan Account
KICKSTARTER.COM,Donations
GOODBOX SALFORD,Donations
ORCHID CANCER APPE LONDON,Donations
JustGiving,Donations
The Vineyard,Entertainment
Personal,Entertainment
Absolute Taste,Entertainment
STAR (BAGAWAN),Entertainment
QUAICH SINGAPORE,Entertainment
Morton's Of Chicago,Entertainment
OSTERIA ROMANA,Entertainment
THE GRENADIER,Entertainment
THE REAL PIZZA COM RIDGE FARM,Entertainment
THESURREYOAKS THESURREY PARKGATE,Entertainment
COWORTH PARK            LONDON,Entertainment
Belvedere Arms,Entertainment
THESURREYOAKS,Entertainment
Dorian Restaurant,Entertainment
Below Soho,Entertainment
Regal Music Limited,Equipment
Lightspeed Billing UK,Equipment
FEVER UK,Events
Vinterior Group,"Furniture, Fixtures and Equipment"
Mini Do Mini Com,"Furniture, Fixtures and Equipment"
Westminster City Council,General Rates
LBTH RATES 65182266 - FG002 Draywalk 2013/2014 onwards,General Rates
LBTH RATES 66213684 G1-110 1st Flr G Block,General Rates
LBTH RATES 66224518 - FG003 Draywalk,General Rates
LBTH RATES 65115411 - FG001 Draywalk 2013/2014 onwards,General Rates
Tower Hamlets,General Rates
LBTH RATES 66305107 - FG004 15 Hanbury St. 2023/2024,General Rates
LBTH RATES 66305107 - FG004 15 Hanbury St. 2024/2025,General Rates
Choose Love,Gifts and Samples
Cambridge Satchel Company Limi,Gifts and Samples
J Price Bath Ltd,Gifts and Samples
Soho House,Gifts and Samples
Selfridges London,Gifts and Samples
Jason Shulman,Gifts and Samples
Heckfield Place,Gifts and Samples
Experience gift,Gifts and Samples
The Kitchen Box,Glassware
Bupa Central,Healthcare
The Portobello Clinic,Healthcare
Before The Lights Ltd,Healthcare
The Portobello Pharmacy,Healthcare
Private Consultant London,Healthcare
Mallon & Taub,Healthcare
90 Sloane Street Limited,Healthcare
Dr Martin GP LTD,Healthcare
Suzie Orbach,Healthcare
EAPEN & CO. LIMITED,Healthcare
Boots,Healthcare
Hilcrest Pharmacy London,Healthcare
National Pathology,Healthcare
OneWelbeck Imaging & Diagnostics,Healthcare
Tom Davies,Healthcare
Oliver James Warren,Healthcare
Kensington Physio,Healthcare
Princess Grace Hospital,Healthcare
London Medical,Healthcare
Hillcrest Pharmacy,Healthcare
Nationwide Pathology,Healthcare
WTF Therapy,Healthcare
Omid Sobhani,Healthcare
Farmacia Del Cervo,Healthcare
1 Stop Covid Shop,Healthcare
Fortius Clinic,Healthcare
GI Doctors,Healthcare
Andrology,Healthcare
Pharmacie,Healthcare
E-Line Orthodontics,Healthcare
Knightsbridge Dental Care,Healthcare
Nicole Hiebner,Healthcare
Worldwide Insurance,Healthcare
One Heart,Healthcare
HCA International,Healthcare
Portobello London,Healthcare
Harley Street Clinic,Healthcare
Medserv,Healthcare
Madesil Pharmacie,Healthcare
Speck,Healthcare
Functional Therapy,Healthcare
GOCARDLESS,Healthcare
BUPA CENTRAL A/C,Healthcare
Richie Bezuidenhout,Healthcare
Unknown,Healthcare
TRX Training,Healthcare
L P Limited,Healthcare
Dr Maciej Kargol,Healthcare
OneWelbeck Endoscopy Centre,Healthcare
The London Clinic,Healthcare
Wigmore Pharamcy,Healthcare
Pharmacie du Cap d'Antibes,Healthcare
Rizzo Parafarmacia,Healthcare
HCA Healthcare,Healthcare
Bohdana Timcsuk,Healthcare
Shoppers Drug Mart,Healthcare
Cromwell London,Healthcare
Game Ready Rental Ltd,Healthcare
Thompson Orthopaedics,Healthcare
MEDBC,Healthcare
Cleveland Clinic London,Healthcare
The Devonshire Clinic,Healthcare
Eve Kalinik,Healthcare
Mayfair Health Ltd,Healthcare
Bare Biology,Healthcare
Online Express,Healthcare
London clinic,Healthcare
One Welbeck,Healthcare
Welbeck Pharmacy,Healthcare
THOMPSON ORTHOPAEDICS LIMITED,Healthcare
The Centre For Physical Medicine Limited,Healthcare
Athletic Greens (UK),Healthcare
London Medical Concierge Limited,Healthcare
SP ARTAH NUTRITION LONDON,Healthcare
Aviva,Healthcare
One Fine Stay,Hotels
Grand Hotel Stockholm,Hotels
Hotel Cipriani,Hotels
The Mercer Hotel New York,Hotels
Sofitel Winter Palace,Hotels
St Regis,Hotels
The Langham,Hotels
Chateau Marmont Hotel,Hotels
The Bowery Hotel,Hotels
Cadogan Hotel,Hotels
Kettners Town,Hotels
XV Beacon,Hotels
MOXY THE HAGU,Hotels
DUO MILAN,Hotels
TRAVELODGE HOTELS LTD,Hotels
HOTELSCOM,Hotels
MANDARIN ORIENTAL SGP,Hotels
JW MARRIOTT HOTEL,Hotels
Conrad Centennial Singapore,Hotels
MARRIOTT HOTEL,Hotels
HGI SILVERSTONE,Hotels
WESTIN AUSTIN DOWNTOWN,Hotels
Bellagio,Hotels
The St. Regis Saadiyat Island Resort,Hotels
Park Hyatt Dubai,Hotels
Travelodge Hotels,Hotels
Travelodge,Hotels
THE ADELPHI HOTEL,Hotels
Moxy Hotels,Hotels
The Ritz-Carlton,Hotels
Loews Hotels,Hotels
THE DEWBERRY CHARLESTO  CHARLESTON,Hotels
CASA SAGNIER,Hotels
NH COLLECTION BARCELONA,Hotels
THE LINCE SANTA CLARA T VILA DO CONDE,Hotels
Mount Nelson A Belmond Hotel Cape Town,Hotels
Hotel Ibis,Hotels
Hotel Bel-Air,Hotels
Netflix,Subscriptions
Netflix Productions LLC,Income
Bloom Hergott,Income
Miramax Film LLC,Income
"GGSSC-Goodman, Genow Schenkman, Smelkinson + Christopher, LLP",Income
Scottish Widows,Insurance
Zurich Assurance,Insurance
Arthur J. Gallagher Insurance,Insurance
AWP P and C Main AW,Insurance
ADMIRAL MOTO,Insurance
ADRIAN FLUX,Insurance
Apple Retail UK,Insurance
County Insurance,Insurance
Loyalty Reward,Interest Received
Gross Interest,Interest Received
Credit Interest,Interest Received
Interest Charged,Interest Received
Active 24 S.R.O. Prague,Internet Charges
ZEN INTERNET LTD,Internet Charges
DH Pension,Investment Transfer
Panasonic Wifi,IT Software and Consumables
Phenix App,IT Software and Consumables
Adobe,IT Software and Consumables
Google,IT Software and Consumables
CAPITAL SAFETY SOLUTIONS,Legal and profesion (allowable)
Tower Hamlets,Legal and profesion (allowable)
De Pinna LLP,Legal Fees
US CUSTOMS ESTA,Legal Fees
LONDON BOROUGH OF TOWER HAMLETS (FINES & PENALTIES),Licences
Tower Hamlets,Licences
Homefire,Logs
Certainly Wood,Logs
CityStore Self-Storage,Miscellaneous Expenses
LMNext UK Ltd,Miscellaneous Expenses
Aperture Printing,Miscellaneous Expenses
Clarkes London,Miscellaneous Expenses
CO-OP,Miscellaneous Expenses
Pimlico Shopper London,Miscellaneous Expenses
Dean Street,Miscellaneous Expenses
Amazon,Miscellaneous Expenses
Inspitalfields,Miscellaneous Expenses
SMC Detailing,Miscellaneous Motor Expenses
Portobello Music,Music
OnBrand,Music
No Name,Net Wages
L CORNELISSEN & SON LTD,Office Supplies
Formstack LLC,Office Supplies
W H Smith,Office Supplies
Home Retail Group PLC,Office Supplies
1153 Southampton Row,Office Supplies
London Graphic Centre,Office Supplies
Rymans,Office Supplies
Ebay,Office Supplies
Paypal,Office Supplies
Astraza Limited,Office Supplies
FrameStore Ltd,Office Supplies
Labels Online,Office Supplies
Crater Press,Office Supplies
P2K DOT CO,Office Supplies
HAGEN ESPRESSO,Office Supplies
1ST STOP STATIONERS LTD REIGATE,Office Supplies
HP Instant Ink,Office Supplies
HPI INSTANT INK UK,Office Supplies
Amazon,Office Supplies
B&Q MARKETPLACE,Office Supplies
No Name,Office Supplies
TESCO SUPERSTORES,Office Supplies
SAINSBURY'S,Office Supplies
AMAZON.CO.UK (CC Only),Office Supplies
Inspitalfields,Office Supplies
ARGOS LIMITED,Office Supplies
JG PEST CONTROL,Office Supplies
Pest control spray,Office Supplies
AMZNMKTPLACE,Office Supplies
FORTNUMANDMASON.COM,Office Supplies
AMAZON.CO.UK,Office Supplies
FUNKY HIRE LIMITED,Office Supplies
CVS/PHARMACY,Office Supplies
BOOTS THE CHEMIST,Office Supplies
Bg Benton,Other Kitchen supplies
Nisbets,Other Kitchen supplies
PENELOPETOM DIREC,Other Kitchen supplies
Empire Supplies,Other Kitchen supplies
Virtuo,Other Kitchen supplies
Amazon,Other Kitchen supplies
ALBERTO S.M.LDA,Other Kitchen supplies
Civil Enforcement,Other Kitchen supplies
Hagen Espresso,Other Kitchen supplies
La Piccola Deli,Other Kitchen supplies
eBay O*01-10628-49715,Other Kitchen supplies
Rose & Crown,Other Kitchen supplies
Cartier Et Cie,Overseas Entertainment
Erewhon Venice,Overseas Entertainment
TSujita LA,Overseas Entertainment
La Biennale Di Venezia,Overseas Entertainment
La Colombe,Overseas Entertainment
The Four Horsemen,Overseas Entertainment
Sunset Tower Hotel,Overseas Entertainment
WB Commissary,Overseas Entertainment
Priscilla,Overseas Entertainment
Pace,Overseas Entertainment
Cecconi's Nomad New York,Overseas Entertainment
The Modern NYC,Overseas Entertainment
Cookshop NYC,Overseas Entertainment
Omen Restaurant,Overseas Entertainment
Horses,Overseas Entertainment
Sushi Park,Overseas Entertainment
Gorza Arabba,Overseas Entertainment
Rifugio Bec de Roces,Overseas Entertainment
Rifugio Piz Sorega,Overseas Entertainment
Rifugio Santa Croce - La Crusc,Overseas Entertainment
Delilah,Overseas Entertainment
Talesai,Overseas Entertainment
Noortwyck,Overseas Entertainment
Avon Grill,Overseas Entertainment
Found Oyster,Overseas Entertainment
CA DEL SOLE TOLUCA LAKE,Overseas Entertainment
Madrisa-Alp,Overseas Entertainment
Brisbane Grill,Overseas Entertainment
CosMe,Overseas Entertainment
Blank Street,Overseas Entertainment
Sant Ambroeus,Overseas Entertainment
T&S Halal Food,Overseas Entertainment
Via Carota,Overseas Entertainment
Los Tacos,Overseas Entertainment
Kazunori,Overseas Entertainment
The Commerce Inn,Overseas Entertainment
Cafe Altro,Overseas Entertainment
Le Bernardin,Overseas Entertainment
Balthazar Restaurant,Overseas Entertainment
Frothy Monkey,Overseas Entertainment
Helen,Overseas Entertainment
Clean Juice,Overseas Entertainment
Vinitus,Overseas Entertainment
The Detox Market,Overseas Entertainment
E Baldi Ristorante,Overseas Entertainment
Mozza2Go,Overseas Entertainment
Jon and Vinnys,Overseas Entertainment
Musei Civici,Overseas Entertainment
Tokyo Tokyo,Overseas Entertainment
Japanese Cuisine Daigo,Overseas Entertainment
PEJITETOKYO,Overseas Entertainment
Onibus Coffee air Tokyo,Overseas Entertainment
Chopcoffee Air Tokyo,Overseas Entertainment
EREWHON LOS ANGELES,Overseas Entertainment
Presents Screen San Francisco,Overseas Entertainment
Aharon Coffee & Roastin,Overseas Entertainment
Kreation Organic Kafe,Overseas Entertainment
Erewhon Beverly Hills,Overseas Entertainment
American Airlines,Overseas Entertainment
La Feltrinelli Librerie,Overseas Entertainment
CoCo Di Mama,Overseas Entertainment
BARRIQUE 0203 VENICE,Overseas Entertainment
Cheriff Restaurant,Overseas Entertainment
Ea Aen BCN,Overseas Entertainment
LA CHASSAGNETTE ARLES,Overseas Entertainment
KULTURVERANSTALTUNGEN D BERLIN,Overseas Entertainment
SEIYO RYORI SHIMA,Overseas Entertainment
TOKYO MIDTOWN -MINATO-K,Overseas Entertainment
PARTY mu hei qu,Overseas Entertainment
SUSHI ISHIBASHIMASAKAZU TOKYO,Overseas Entertainment
sushinakamura gang qu,Overseas Entertainment
SOBATAJIMA TOKYO,Overseas Entertainment
YAKUMO SARYOU TOKYO,Overseas Entertainment
AMAN TOKYO -CHIYODA-KU *,Overseas Entertainment
OVER THE COUNTER TOKYO,Overseas Entertainment
EVISU STORE OMOTESANDO TOKYO,Overseas Entertainment
BAPE STORE HARAJUKU TOKYO,Overseas Entertainment
CRONY TOKYO,Overseas Entertainment
ART SURF SKATE TOKYO,Overseas Entertainment
FILMCAMERATOKYO TOKYO,Overseas Entertainment
MUROMATI KAJI KYOTO,Overseas Entertainment
DOWN THE STAIRS TOKYO,Overseas Entertainment
DAIWA GROUP TOKYO,Overseas Entertainment
ASKA KOTSU 5 TOKYO,Overseas Entertainment
KOKUSAI MOTORCARS TOKYO,Overseas Entertainment
STUSSY SHIBUYA CHAPTER TOKYO,Overseas Entertainment
TAKASHIMAYA TOKYOTO CHUOKU,Overseas Entertainment
DON QUIJOTE SHIJOKAWARA,Overseas Entertainment
ENYUANKOBAYASHI KYOTO,Overseas Entertainment
KAWAMICHIYAYORO KYOTOq,Overseas Entertainment
GURANDOKIOSKKYOUTO KYOTO,Overseas Entertainment
Peak Wellness,Overseas Entertainment
Matchaful,Overseas Entertainment
Dominique Ansel Group,Overseas Entertainment
The Retreat,Overseas Entertainment
Inmotion,Overseas Entertainment
EXXON Mobile,Overseas Entertainment
Union 76,Overseas Entertainment
BLVD,Overseas Entertainment
ITS BOBA TIME,Overseas Entertainment
Solestage,Overseas Entertainment
Zenoti,Overseas Entertainment
Sprouts Farmers Market,Overseas Entertainment
Neiman Marcus,Overseas Entertainment
Saks Fifth Avenue,Overseas Entertainment
Chevron,Overseas Entertainment
Sushi Yasuda,Overseas Entertainment
Lax Airport,Overseas Entertainment
Mount Sinai,Overseas Entertainment
Maman,Overseas Entertainment
Estela,Overseas Entertainment
ICP Museum,Overseas Entertainment
VANWONDERENSTROOP,Overseas Entertainment
TRUCK YARD DALLAS,Overseas Entertainment
FOXYS,Overseas Entertainment
RAZERSTORE VEGAS,Overseas Entertainment
SMITTYS MARKET,Overseas Entertainment
BLIND PIG PUB,Overseas Entertainment
WHITE HORSE,Overseas Entertainment
TOPGOLF,Overseas Entertainment
CAESARS SPANISH STEP BAR,Overseas Entertainment
PF CHANGS,Overseas Entertainment
FC DI FARA'S PIZZA,Overseas Entertainment
STARTING GATE,Overseas Entertainment
RESTAURANT,Overseas Entertainment
Abu Dhabi Golf Club,Overseas Entertainment
ABU DHABI GOLF,Overseas Entertainment
THE WESTIN AUH GOLF,Overseas Entertainment
THE DRUNKEN TACO,Overseas Entertainment
TAKATO,Overseas Entertainment
CARBONE MIAMI,Overseas Entertainment
ROCK BAR,Overseas Entertainment
LOST WEEKEND,Overseas Entertainment
LA MULATA,Overseas Entertainment
LA NOTE BLEUE MONACO,Overseas Entertainment
CHICO FEO,Overseas Entertainment
THE ORDINARY,Overseas Entertainment
THE WRECK,Overseas Entertainment
STOREHOUSE,Overseas Entertainment
Swift Hibernian Lounge,Overseas Entertainment
THE DEAD RABBIT,Overseas Entertainment
CERVECERIA CATALANA,Overseas Entertainment
Miku Toronto,Overseas Entertainment
L'Arpege,Overseas Entertainment
Merci,Overseas Entertainment
Dorsia,Overseas Entertainment
Bistrot Leo,Overseas Entertainment
My Chef Giove Est,Overseas Entertainment
Starservicerent Autonoleggio Roma,Overseas Entertainment
A Maniccia,Overseas Entertainment
Pefil,Overseas Entertainment
Pizzeria Concettina ai Tre Santi,Overseas Entertainment
Autogrill,Overseas Entertainment
Sokolin,Overseas Entertainment
Tempora Sa France,Overseas Entertainment
Pandaria Lisboa,Overseas Entertainment
Cour des Vosges FnB,Overseas Entertainment
Brigat Paris,Overseas Entertainment
COMMUNE DE GORDES,Overseas Entertainment
AUTOROUTES DU S (VEDENE),Overseas Entertainment
COMMUNE D ARLES (ARLES CEDEX),Overseas Entertainment
HUDSONNEWS ST1247 (CARSON),Overseas Entertainment
SV Club Owner LLC,Overseas Entertainment
LOTTE NEW YORK PALACE,Overseas Entertainment
USCustoms,Overseas Travelling
Ride Cost,Overseas Travelling
City of Berverly Hills Parking,Overseas Travelling
Illumination Hospitality,Overseas Travelling
G7 Clichy,Overseas Travelling
Ivisa,Overseas Travelling
Hughes,Overseas Travelling
Esta-Assist,Overseas Travelling
Virtuo Paris,Overseas Travelling
Monop Aeroport,Overseas Travelling
LEE UFAN ARLES ARLES,Overseas Travelling
HAMID AZADIAN BERLIN,Overseas Travelling
FOURTY2 TAXI BE BERLIN,Overseas Travelling
UBER TRIP,Overseas Travelling
KANTO CAR TRAFFIC TOKYO,Overseas Travelling
CAMERA NO NANIWA KYOTO1,Overseas Travelling
YASAKA KYOTO,Overseas Travelling
ookuraya zhong yang qu,Overseas Travelling
OKAYAMATAKASHIM,Overseas Travelling
KOKE KYOTO,Overseas Travelling
HIRAGIYA ACCOMMODATION KYOTO,Overseas Travelling
KOHARU TOKYO,Overseas Travelling
TOKYOMUSEN TOKYO,Overseas Travelling
TSUTA KOTSU TOKYO,Overseas Travelling
BENESSE HOUSE MUSEUM KAGAWA,Overseas Travelling
Mobel Transport,Overseas Travelling
RAKUTENPAY BARNAKAGAWA TOKYO,Overseas Travelling
CURBSTAND AT MAYBOURNE Beverly Hills,Overseas Travelling
SP OK THE STORE LOS ANGELES,Overseas Travelling
BEVERLY HILLS JUICE,Overseas Travelling
Hyatt Pantry Park,Overseas Travelling
Black Lane,Overseas Travelling
NYCT PAYGO NEW YORK,Overseas Travelling
West Hollywood,Overseas Travelling
Flight Centre,Overseas Travelling
Holafly,Overseas Travelling
LEEUWENHOR EINDHOVEN,Overseas Travelling
DISCOVER SINGAPORE,Overseas Travelling
Buc-ee's,Overseas Travelling
"85 RAINEY STREET,",Overseas Travelling
Uber - New York,Overseas Travelling
ONLINE TRANSPORT,Overseas Travelling
Santa Monica Brew,Overseas Travelling
AWG AMBASSADOR,Overseas Travelling
MR ANDREW COLEY,Overseas Travelling
CHINA EASTERN AIR,Overseas Travelling
AIRCANADA,Overseas Travelling
IMMIGRATION CANADA,Overseas Travelling
PILOT BOWMAN,Overseas Travelling
HUB CONVINIENCE,Overseas Travelling
USCUSTOMS ESTA,Overseas Travelling
New Haven,Overseas Travelling
Pay go,Overseas Travelling
COMMUNE DE ROUSSILLON,Overseas Travelling
SC TABAC HECTOR (ROUSSILLON),Overseas Travelling
SUPERBA FOOD & BRE,Overseas Travelling
HORSES LA,Overseas Travelling
Foodora Norway,Overseas Travelling
OSL LUFTHAVN,Overseas Travelling
BEL AIR COUNTRY CLUB,Overseas Travelling
TST* OWA 2 (VENICE),Overseas Travelling
NBCUMARKETPLACE QPS,Overseas Travelling
LAX PGA FAN SHOP,Overseas Travelling
B&CE Holdings Ltd,Pension Fund
Nest,Pension Fund
Crows Nest Hotel,Pension Fund
Nest Pension,Pension Fund
Derwent Vehicles,Personal Car
NBU Consulting,Personal Car
Porsche Retail Group Ltd,Personal Car
Mercedes-Benz,Personal Car
To Ma Service,"Postage, Freight & Courier"
Post Office,"Postage, Freight & Courier"
Fedex,"Postage, Freight & Courier"
Pitney Bowes Finance Limited,"Postage, Freight & Courier"
Royal Mail,"Postage, Freight & Courier"
UPS,"Postage, Freight & Courier"
Mailboxes Etc,"Postage, Freight & Courier"
Central Dispatch Services,"Postage, Freight & Courier"
Dynamic Freight Shipping,"Postage, Freight & Courier"
Latest Weybridge,"Postage, Freight & Courier"
FedEx Express,"Postage, Freight & Courier"
POSTMARK LONDON,"Postage, Freight & Courier"
LADBROKE GROVE POST OFF,"Postage, Freight & Courier"
Air Mail,"Postage, Freight & Courier"
Evri,"Postage, Freight & Courier"
CitySprint,"Postage, Freight & Courier"
GORDON & CO,Prepayments
Snappy Snaps,Printing & Stationery
Eat your Photo,Printing & Stationery
Argos,Printing & Stationery
Amazon,Printing & Stationery
The Paperbox,Printing & Stationery
Portobello Art,Printing & Stationery
AGA Print Ltd Solopress,Printing for advertising
Solopress TA A.G.A Print Ltd,Printing for advertising
Look first Limited,Printing for advertising
SP NO FUSS PRINT,Printing for advertising
Fiverr International Ltd.,Printing for advertising
Instant print,Printing for advertising
Suedejazz,Production
Zak Watson,Production
Ben Priddy,Production
Derek Zomer Film@Photography,Production
Greg Crumpler,Production
Robert Paterson,Production
Servo Creatives Limited,Production
Heather Williams,Production
Hypha Ltd,Production
Alexander Rayment,Production
Ovidiu Visan,Production
FoodphotographyLondon LTD,Production
Time Storm productions Ltd,Production
Maria Vorobjova,Production
Sean Kerr,Production
Justin Winkler Photography,Production
Steve Sheppard,Production
We Are Fmly Ltd,Production
The Orange Buffalo Franchising Ltd,Production
CHARLOTTE WAINWRIGHT,Production
Companies House,Professional Fees
Green hasson & janks,Professional Fees
James Ahmed (JA012),Promotor Fees
Warmer People Ltd,Promotor Fees
James Ahmed (JA017),Promotor Fees
TOTALJOBS GROUP LTD,Recruitment Expenses
Indeed Ireland Operations,Recruitment Expenses
Indeed Flex,Recruitment Expenses
DISCLOSURE AND BARRING GOVERNMENT SERVICES,Recruitment Expenses
Rent,Rent
Lampwise.com,Repairs and Renewals
CAPITAL SERVICES 3,Repairs and Renewals
SHOPWL,Repairs and Renewals
Sound services Ltd,Repairs and Renewals
A. BERTRAM,Repairs and Renewals
ROSE,Repairs and Renewals
Skandium,Repairs and Renewals
Richard Davies,Repairs and Renewals
LE Company Ltd,Repairs and Renewals
Regal Music Limited,Repairs and Renewals
No Name,Repairs and Renewals
Amazon payments UK Limited,Repairs and Renewals
Farrow & Ball,Repairs and Renewals
The Deck Doctor,Repairs and Renewals
Lightabox,Repairs and Renewals
B&Q,Repairs and Renewals
Sendean Cameras,Repairs and Renewals
Park Road Garage,Repairs and Renewals
TSmart UK,Repairs and Renewals
Tesla Motors Limited,Repairs and Renewals
Vue Entertainment Ltd,Research
Vue Cinemas,Research
Noel Coward Theatre,Research
Nimax Theatre,Research
Hobgoblin Music,Research
National Theatre Birmingham,Research
National Theatre London,Research
White City House Cinema,Research
Andrew Kidd,Research
Sadlers Wells Limited,Research
The Courtauld Institute of Art,Research
The Cinema,Research
Heywood Hill Ltd,Research
The Harold Pinter Theatre,Research
Prince Edward Theatre,Research
Savoy Theatre,Research
The Bush Theatre,Research
GILLIAN LYNNE THEATRE (LONDON WC2B),Research
Vue Cinemas (Reading),Research
PUCK NEWS,Research
LANDMARK THEATRES SUNS,Research
WEBTICKETS (CAPE TOWN),Research
Godaddy,Research
HUDSONNEWS,Research Materials
THE DAILY WIRE,Research Materials
Rounding - Rounding,Rounding
Reconciliation adjustment,Rounding
SLERP,Sales Commissions
DESIGN MY NIGHT (WFL MEDIA)-COMM ONLY (CONTRA DEBTOR DE001),Sales Commissions
Open Table International Ltd,Sales Commissions
Banham Group,Security
Banham,Security
Shurgard-Self-Storage,Storage
Morris Angel & Son,Storage
Amazon Prime,Subscriptions
NOW TV,Subscriptions
Adobe System,Subscriptions
Thebrowser.com,Subscriptions
MUBI,Subscriptions
THE NEW YORK TIMES,Subscriptions
MBI Subscription,Subscriptions
Spotify,Subscriptions
Bloomberg.com,Subscriptions
Grammarly.com,Subscriptions
Times Newspapers Ltd,Subscriptions
Newspaper Delivery,Subscriptions
Logmein.com,Subscriptions
Controlaccount,Subscriptions
Real Vision,Subscriptions
BAFTA-British Academy of Film and Television Arts,Subscriptions
Times Ne London,Subscriptions
Vimeo,Subscriptions
Wetransfer,Subscriptions
ShotDeck,Subscriptions
IPC Media Ltd,Subscriptions
Amazon Digital,Subscriptions
NCHSOFTWARE.COM,Subscriptions
UKPROXYTV,Subscriptions
The New Yorker,Subscriptions
Master Class,Subscriptions
European Film Academy,Subscriptions
Producer Guild of America,Subscriptions
TV Licence,Subscriptions
IMDB Pro,Subscriptions
Pocket to Kindle,Subscriptions
Academy of Motion Picture Arts & Sciences,Subscriptions
NY Times,Subscriptions
Box UK,Subscriptions
EUROPEAN FILM ACADEMY E. V.,Subscriptions
PPL Sports Programme,Subscriptions
Peacock,Subscriptions
Mews System,Subscriptions
Headspace,Subscriptions
AMPAS,Subscriptions
The Browser.com,Subscriptions
LASTPASS.COM,Subscriptions
TIDAL PREMIUM GLO OSLO,Subscriptions
NEWYORKER - DIGITAL SU NEW,Subscriptions
SPEECHIFY,Subscriptions
KOINLY GREATER,Subscriptions
OTT Criterionchannel,Subscriptions
REDBUBBLE,Subscriptions
KEEPERSECURITY.COM CHICAGO,Subscriptions
MOTIONARRA,Subscriptions
HOLLYHILL,Subscriptions
TELEGRAPHM,Subscriptions
Zoom Video Communications Inc,Subscriptions
TELEGRAPHME,Subscriptions
PATREONMEMBER,Subscriptions
CHELSEA MAG CO LTD,Subscriptions
MOTOR SPORT MAGAZI,Subscriptions
Motor Sport Magazine,Subscriptions
telegraph,Subscriptions
EXPRESSVPN,Subscriptions
EUG04091 CRAWLEY,Subscriptions
CNP* WIRED - DIGITAL,Subscriptions
TELEGRAPH MEDIA,Subscriptions
MICROSOFT 365,Subscriptions
GUARDIAN NEWS & MEDIA,Subscriptions
SKY 1653,Subscriptions
NYTIMES,Subscriptions
APP Renew,Subscriptions
Wall ST -Journal,Subscriptions
Sky Digital,Subscriptions
Financial Times,Subscriptions
Magazines Direct,Subscriptions
Youtube Premium,Subscriptions
Gencraft Seattle,Subscriptions
Prime Video Channels,Subscriptions
GoHenry,Subscriptions
NYTIMES DISC,Subscriptions
Tate,Subscriptions
IMDBPRO,Subscriptions
Tanda,Subscriptions
Plann,Subscriptions
Amazon,Subscriptions
GoDaddy,Subscriptions
Spotify,Subscriptions
SLERP,Subscriptions
Sked Social,Subscriptions
No Name,Subscriptions
Mailchimp,Subscriptions
37signals,Subscriptions
OpenAI,Subscriptions
TheAudioAbode,Subscriptions
Adobe,Subscriptions
Vodafone,Telephone
BT,Telephone
BRITISH TELECOM,Telephone
BT GROUP PLC,Telephone
VODAFONE LTD,Telephone
BT Consumer Recurring,Telephone
Apple.Com,Telephone
Bespoke telecom,Telephone
Credit Line Call Centre,Telephone
E-Tech Zone,Telephone
LS Ismash London,Telephone
Bespoke Telecoms,Telephone
SKY DIGITAL,Telephone
TV LICENSING,Telephone
Back Market,Telephone
EE Ltd,Telephone & Internet
ATG Tickets,Theatre Tickets
TIFF,Theatre Tickets
Disney Plus,Theatre Tickets
Nimax Theatres Limited,Theatre Tickets
BFI,Theatre Tickets
Picturehouse Cinemas,Theatre Tickets
Soho Theatre,Theatre Tickets
12 Cents,Theatre Tickets
Empire Cinemas,Theatre Tickets
Cadogan Hall,Theatre Tickets
Odeon,Theatre Tickets
Cineworld,Theatre Tickets
3EFTA ENTS,Theatre Tickets
Curzon,Theatre Tickets
281BE Cinema,Theatre Tickets
X1608 ENTS,Theatre Tickets
ENTS London,Theatre Tickets
Playhouse Theatre,Theatre Tickets
Vue,Theatre Tickets
The London Palladium,Theatre Tickets
Royal Opera House,Theatre Tickets
Royal Court Theatre,Theatre Tickets
Jerusalem Tickets London,Theatre Tickets
Sony Pictures,Theatre Tickets
WB Studio Tour,Theatre Tickets
Apollo Theatre,Theatre Tickets
Duke of York - Theatre,Theatre Tickets
BFI-British Film Institute,Theatre Tickets
Moma,Theatre Tickets
Prince Charles Cinema,Theatre Tickets
Indiegogo,Theatre Tickets
London Ticket Club,Theatre Tickets
Derren Brown Tickets,Theatre Tickets
Booth Theatre,Theatre Tickets
Encore Tockets,Theatre Tickets
Almeida Theater,Theatre Tickets
LW Theatres,Theatre Tickets
Phoenix Theatre,Theatre Tickets
Vue Entertainment,Theatre Tickets
OTT Criterion Theatre Trust,Theatre Tickets
DELFONT MACKINTOSH THEA UNITED KINGDOM,Theatre Tickets
LONDON THEATRE DIRECT LONDON,Theatre Tickets
LONDON ENCORE TICKETS,Theatre Tickets
THEATRE ROYAL,Theatre Tickets
NIMAX Theatres,Theatre Tickets
Hampstead Theatre,Theatre Tickets
Blu Security Ltd,Tracking Transfers
THE DRURY TEA&COFFEE,Tracking Transfers
C CARNEVALE LIMITED,Tracking Transfers
K.F.F. FOOD SERVICE,Tracking Transfers
DONOVAN BROS. LIMITED,Tracking Transfers
ELY & SIDNEY LIMITED,Tracking Transfers
ZELOOF LLP - Duplicate payments for 35824 & 35987 ,Tracking Transfers
ZELOOF LLP,Tracking Transfers
TASTE OF SICILY LTD,Travel & Subsistence
Eatplanted Ltd,Travel & Subsistence
The Artisan Butcher Limited,Travel & Subsistence
C CARNEVALE LIMITED,Travel & Subsistence
TAJ STORES (CASH),Travel & Subsistence
Soffles Limited,Travel & Subsistence
Karaway Bakery,Travel & Subsistence
TESCO SUPERSTORES,Travel & Subsistence
SAINSBURY'S,Travel & Subsistence
Charles Artisan Bread,Travel & Subsistence
K.F.F. FOOD SERVICE,Travel & Subsistence
JJ FAST FOOD DISTRIBUTION LTD,Travel & Subsistence
Bocconcini Bakery Ltd,Travel & Subsistence
Brave Innovations Ltd,Travel & Subsistence
I AM NUT OK LTD,Travel & Subsistence
OUI CHEF FRUIT AND PRODUCE LIMITED,Travel & Subsistence
No Name,Travel & Subsistence
The Orange Buffalo Franchising Ltd,Travel & Subsistence
High Grade Supplies Ltd,Travel & Subsistence
Brindisa,Travel & Subsistence
JJ Food Service,Travel & Subsistence
CUE POINT LIMITED,Travel & Subsistence
Mighty Plants,Travel & Subsistence
Brindisa Spanish Foods,Travel & Subsistence
AMAZON.CO.UK (CC Only),Travel & Subsistence
Pedalled Provisions,Travel & Subsistence
The Pavilion Bakery,Travel & Subsistence
KFF,Travel & Subsistence
NIJJAR DAIRIES LTD TA FRESHWAYS,Travel & Subsistence
Cake & Bake Club Limited,Travel & Subsistence
Minor Figures (MI014),Travel & Subsistence
The Orange Buffalo Franchising,Travel & Subsistence
FRESHWAYS,Travel & Subsistence
Breid Ltd,Travel & Subsistence
OKJA UK Limited,Travel & Subsistence
Cakesmiths,Travel & Subsistence
OKJA UK,Travel & Subsistence
Amazon,Travel & Subsistence
Oui Chef,Travel & Subsistence
Paul Rhodes Bakery,Travel & Subsistence
THE DRURY TEA&COFFEE,Travel & Subsistence
Prestige Food&Wine Ltd,Travel & Subsistence
TAJ STORES (CASH),Travel & Subsistence
London fruit&vegetables,Travel & Subsistence
TESCO SUPERSTORES,Travel & Subsistence
DAVID CATT,Travel & Subsistence
MONTGOMERY,Travel & Subsistence
JJ FAST FOOD DISTRIBUTION LTD,Travel & Subsistence
OUI CHEF FRUIT AND PRODUCE LIMITED,Travel & Subsistence
Pedalled Provisions,Travel & Subsistence
KFF,Travel & Subsistence
THE DRURY TEA&COFFEE,Travel & Subsistence
NIJJAR DAIRIES LTD TA FRESHWAYS,Travel & Subsistence
ELY & SIDNEY LTD,Travel & Subsistence
C CARNEVALE LIMITED,Travel & Subsistence
Minor Figures (MI014),Travel & Subsistence
FRESHWAYS,Travel & Subsistence
Nijjar Dairies,Travel & Subsistence
High Grade Supplies Ltd,Travel & Subsistence
Coaltown Coffee,Travel & Subsistence
Amazon,Travel & Subsistence
Mcdonalds,Travel & Subsistence
MCDONALD,Travel & Subsistence
Torchys Tacos,Travel & Subsistence
CIRCLE K,Travel & Subsistence
Kokoro Dorking,Travel & Subsistence
SHAKESPEARE,Travel & Subsistence
Marks & Spencer,Travel & Subsistence
SR-MONTE FORTE,Travel & Subsistence
MCDONALD'S,Travel & Subsistence
Chalk Hills Bakery,Travel & Subsistence
LOST & FOUND,Travel & Subsistence
WAFFLE HOUSE,Travel & Subsistence
NORDSTROM,Travel & Subsistence
7-Eleven,Travel & Subsistence
CIUTAT CONDAL,Travel & Subsistence
WAITROSE 644,Travel & Subsistence
MARCELS CANAL WALK (CENTURY CITY),Travel & Subsistence
CASTLEMEAD POULTRY,Travel & Subsistence
Kuro Bakery,Travel & Subsistence
Hotel Montalembert Paris,Travel & Subsistence
La Halle Aux Grains,Travel & Subsistence
WATERSTONES LONDON,Travel & Subsistence
TOTTENHAM,Travel & Subsistence
Coffee Boxx,Travel & Subsistence
PATKINS NEWS,Travel & Subsistence
Bone Daddies,Travel & Subsistence
Lavelle Coffee,Travel & Subsistence
INDUSTRIE PIZZERIA,Travel & Subsistence
Bounce Ping Pong Ltd,Travel & Subsistence
THE GOLDEN EATING PLACES,Travel & Subsistence
Tayyabs,Travel & Subsistence
Boom Battle Bar,Travel & Subsistence
EVENTBRITE OPERATION (EV005),Travel & Subsistence
Coco Di Mama,Travel & Subsistence
Hoop and Grapes,Travel & Subsistence
TRAVELODGE HOTELS LTD,Travel & Subsistence
Black Sheep,Travel & Subsistence
Tesco Express,Travel & Subsistence
London Borough of Lambeth,Travel & Subsistence
Trainline,Travel & Subsistence
UBER   *TRIP,Travel & Subsistence
UBR* PENDING.UBER.COM,Travel & Subsistence
London's Pride,Travel & Subsistence
SumUp  *JH Taxi Servic,Travel & Subsistence
The Eagle,Travel & Subsistence
TfL Travel Charge,Travel & Subsistence
Exmouth Arms,Travel & Subsistence
Pret a manger,Travel & Subsistence
TfL Unpaid Fares,Travel & Subsistence
CMT UK LTD TAXI FARE,Travel & Subsistence
AEROPUERTO MADRID BARA,Travel & Subsistence
TESCO STORES 2956,Travel & Subsistence
UBER* PENDING,Travel & Subsistence
Shell,Travel & Subsistence
Oxford Parkway,Travel & Subsistence
Taxi Receipt,Travel & Subsistence
London Taxi,Travel & Subsistence
Flighthub,Travel & Subsistence
RBKC,Travel & Subsistence
LVChasles,Travel & Subsistence
Quick man and van,Travel & Subsistence
RINGGO PARKING,Travel & Subsistence
Taxi,Travel & Subsistence
Shafi,Travel & Subsistence
Rontec,Travel & Subsistence
Five Ways Takeaway,Travel & Subsistence
The Tin Shed,Travel & Subsistence
GWR Charlbury,Travel & Subsistence
Virtuo,Travel & Subsistence
Welcome break,Travel & Subsistence
Soletrader,Travel & Subsistence
Comcab,Travel & Subsistence
Easyjet,Travel & Subsistence
Marriott Park Lane,Travel & Subsistence
GWR,Travel & Subsistence
TFL,Travel & Subsistence
Virgin Trains,Travel & Subsistence
Enterprise Rent A Car,Travel & Subsistence
Uber,Travel & Subsistence
Westminster Parking,Travel & Subsistence
Wandsworth Council,Travel & Subsistence
Marstongroup.co.uk,Travel & Subsistence
TFL London,Travel & Subsistence
Source London Ltd,Travel & Subsistence
Cromwell Road South Filling Station,Travel & Subsistence
CMT UK Ltd,Travel & Subsistence
Suspensions,Travel & Subsistence
Q-Park,Travel & Subsistence
PaybyPhone,Travel & Subsistence
LB Hounslow,Travel & Subsistence
Flyover Connect,Travel & Subsistence
Streamline Taxi,Travel & Subsistence
Parking Eagle,Travel & Subsistence
Belgravia,Travel & Subsistence
Steven Law Hornchurch,Travel & Subsistence
Cabvision,Travel & Subsistence
LBHF.GOV.UK,Travel & Subsistence
Dart Charge,Travel & Subsistence
Curb Mobility,Travel & Subsistence
Ubitricity,Travel & Subsistence
London Taxi,Travel & Subsistence
Taxi,Travel & Subsistence
Trainline.com,Travel & Subsistence
TFL,Travel & Subsistence
London Cab,Travel & Subsistence
Horizon Parking,Travel & Subsistence
Morrisons,Travel & Subsistence
Black Cab,Travel & Subsistence
LB Camden,Travel & Subsistence
Comcab,Travel & Subsistence
City of London Corporation,Travel & Subsistence
Croydon Central,Travel & Subsistence
Asda,Travel & Subsistence
Asda Filling Station,Travel & Subsistence
United Travels,Travel & Subsistence
SF Connect,Travel & Subsistence
Broadwater Service,Travel & Subsistence
Museum Service Station,Travel & Subsistence
Wisley South Filling Station,Travel & Subsistence
Just Park,Travel & Subsistence
MFG,Travel & Subsistence
Q Park,Travel & Subsistence
Foxberry Service Station,Travel & Subsistence
Bradley,Travel & Subsistence
Tesco,Travel & Subsistence
Hackney.Gov.UK,Travel & Subsistence
RoyalGreenwich.Gov,Travel & Subsistence
Digitax UK Taxi,Travel & Subsistence
NCP,Travel & Subsistence
Sheepcot Services,Travel & Subsistence
Cab:App,Travel & Subsistence
BlackTaxi,Travel & Subsistence
Herne Hill Service Station,Travel & Subsistence
MRS LEA KEMERY,Travel & Subsistence
Totalenergies,Travel & Subsistence
LB Woolwich,Travel & Subsistence
Saba Park Services,Travel & Subsistence
Chargingservices,Travel & Subsistence
EVCharge,Travel & Subsistence
Trafficgurd.co.uk,Travel & Subsistence
Airport Taxi,Travel & Subsistence
Westfield London,Travel & Subsistence
Treatlocal.co.uk,Travel & Subsistence
Oxfordshire PCN,Travel & Subsistence
St Pancras st,Travel & Subsistence
Insureandgo,Travel & Subsistence
Taxi World,Travel & Subsistence
Mangopay UK,Travel & Subsistence
Border Force,Travel & Subsistence
Trainline,Travel & Subsistence
Eurostar,Travel & Subsistence
Heathrow Express,Travel & Subsistence
Away Travel,Travel & Subsistence
FreeNow,Travel & Subsistence
Airbnb,Travel & Subsistence
Flight Network,Travel & Subsistence
Safety Park,Travel & Subsistence
The Private Suite,Travel & Subsistence
District Enforcement,Travel & Subsistence
Sumup* England's Lane,Travel & Subsistence
Sumup*Darren Rea,Travel & Subsistence
Condor Cycles,Travel & Subsistence
Addison Lee Ltd,Travel & Subsistence
Swedavia Arn,Travel & Subsistence
EasyJet,Travel & Subsistence
Harringtons of Fulham,Travel & Subsistence
TFL Travel Charge,Travel & Subsistence
NYC Taxi,Travel & Subsistence
Citycab,Travel & Subsistence
Gett,Travel & Subsistence
The Travel Company - BCD Travel,Travel & Subsistence
East Midlands Railway,Travel & Subsistence
Railcard.co.uk,Travel & Subsistence
Booking.com,Travel & Subsistence
Journey to the Centre,Travel & Subsistence
PPL Riverside C. Park,Travel & Subsistence
STRICKER HELMUT BADIA,Travel & Subsistence
Apcoa Parking,Travel & Subsistence
Stansted Airport,Travel & Subsistence
Ringgo Parking,Travel & Subsistence
Brighton Service Station,Travel & Subsistence
Lords,Travel & Subsistence
13 Cabs,Travel & Subsistence
Cabs,Travel & Subsistence
RIDE COST LONDON,Travel & Subsistence
AVIANCA BOGOTA,Travel & Subsistence
NYCT,Travel & Subsistence
Guggenheim,Travel & Subsistence
Business Car Service,Travel & Subsistence
Diamond Taxi,Travel & Subsistence
Lime Ride,Travel & Subsistence
Cam Creek College Park,Travel & Subsistence
Taxiworld,Travel & Subsistence
Blacklane,Travel & Subsistence
Driver 8,Travel & Subsistence
Airwair International,Travel & Subsistence
Uxbridge PCN,Travel & Subsistence
Garrison Cars,Travel & Subsistence
Radio Cab,Travel & Subsistence
Express Car Parks,Travel & Subsistence
G&P Eventi Srl,Travel & Subsistence
Rosewood London,Travel & Subsistence
Gett London,Travel & Subsistence
BRIGHTON T* BRIGHTONTA,Travel & Subsistence
SNB S201493 Manchester,Travel & Subsistence
SUMUP*479 BRIGHTON,Travel & Subsistence
ZETTLE *TAXI 818 BRIGHTON,Travel & Subsistence
Tllon_htl_fb,Travel & Subsistence
Cabbie,Travel & Subsistence
Sverige Taxi,Travel & Subsistence
Hostaria/Camere Ceccoti,Travel & Subsistence
Gavin Taxi Bushey,Travel & Subsistence
Govia Thameslik,Travel & Subsistence
UBITRICITY.COM LONDON,Travel & Subsistence
British Airways,Travel & Subsistence
SONNY OSBORNE BRENTWOOD,Travel & Subsistence
Royal Borough of Kensington and Chelsea,Travel & Subsistence
BA INFLIGHT SALES IAG C,Travel & Subsistence
LTD London,Travel & Subsistence
LONDON EF,Travel & Subsistence
Southbank Centre QEH Ro London,Travel & Subsistence
BRIGHTON STATION BRIGHTON,Travel & Subsistence
Train Station,Travel & Subsistence
EXCELLENT TAXI Cambridge,Travel & Subsistence
LONDON CURB MOBILITY,Travel & Subsistence
STEPHEN MCLAUGHLI,Travel & Subsistence
GOTSCHNA TAXI,Travel & Subsistence
LINDT ZRH CHXR ZURICH AIRPORT,Travel & Subsistence
LIME*RIDE,Travel & Subsistence
TAXIDRIVER,Travel & Subsistence
CURB MOBILITY LONDON,Travel & Subsistence
Folkstone Central Railway,Travel & Subsistence
ADEMOLA OGUNFIDODO,Travel & Subsistence
Parking,Travel & Subsistence
Laz Parking,Travel & Subsistence
ETOLLAVIS,Travel & Subsistence
JMEXECUTIV,Travel & Subsistence
GOODWOOD ESTATE,Travel & Subsistence
MAIDSTONE SERVICE,Travel & Subsistence
Goodwood,Travel & Subsistence
JUSTPARK,Travel & Subsistence
BA INFLIGHT SALES,Travel & Subsistence
Motion Array,Travel & Subsistence
DEXTERS CABS,Travel & Subsistence
AMR DORKING,Travel & Subsistence
France manche,Travel & Subsistence
CabCard Services,Travel & Subsistence
a star taxi,Travel & Subsistence
gatwick,Travel & Subsistence
JMEXECUTIVE,Travel & Subsistence
scotts travel management,Travel & Subsistence
WWW.GATWICKAIRPORT.COM,Travel & Subsistence
Nicola Dines,Travel & Subsistence
London Lincensd Taxi,Travel & Subsistence
TFL Road Charges,Travel & Subsistence
Curb London,Travel & Subsistence
WWW.RBKC.GOV.UK,Travel & Subsistence
TFL CC Penalty,Travel & Subsistence
THY,Travel & Subsistence
Ascot Cars,Travel & Subsistence
TFL Business BOPS,Travel & Subsistence
St Martins Lane Car Park,Travel & Subsistence
East Midlands Rail,Travel & Subsistence
Elite Rent A Car,Travel & Subsistence
NSL Parking,Travel & Subsistence
The Travel Company Limited,Travel & Subsistence
PAYBYPHONE PARKING,Travel & Subsistence
Q-Park Ltd,Travel & Subsistence
Taxiride,Travel & Subsistence
Empark,Travel & Subsistence
Q Park Queensway,Travel & Subsistence
Real Car NY,Travel & Subsistence
ASPIT ROMA NORD,Travel & Subsistence
ANASA CHIUSI-CHIANC,Travel & Subsistence
Black Taxi,Travel & Subsistence
Taxi Cabvision,Travel & Subsistence
Billing and Settlement Plan (BSP),Travel & Subsistence
Q Park Chinatown,Travel & Subsistence
RICHARDCOR* TAXIRICHAR (ESSEX),Travel & Subsistence
CURB NYC TAXI (QUEENS),Travel & Subsistence
TOWER HILL CAR PARK,Travel & Subsistence
Ringo,Travel & Subsistence
Sumup,Travel & Subsistence
SumUp *Black42 (Newbury),Travel & Subsistence
Friethchurces,Travel & Subsistence
Newport Pagnell,Travel & Subsistence
Lime Pass,Travel & Subsistence
DragonFly Parking,Travel & Subsistence
THE ORACLE CAR PARK,Travel & Subsistence
BP MFG BEAVER,Travel & Subsistence
FRANCIS HOWLEY PGA HEA,Travel & Subsistence
BP MOTO,Travel & Subsistence
Shell Westbourne,Travel & Subsistence
ST ANNA,Travel & Subsistence
WESTMINSTER CITY COUNC,Travel & Subsistence
CANON DRIVE VALET,Travel & Subsistence
LONDON PALLADIUM,Travel & Subsistence
ELITE PARKING VALE,Travel & Subsistence
EDEN CENTRE,Travel & Subsistence
CENTRAL PARKIN,Travel & Subsistence
London Borough of Camden,Travel & Subsistence
PRET A MANGER EUROPE LTD,Travel & Subsistence
PRET A MANGER,Travel & Subsistence
Five Guys,Travel & Subsistence
Deliveroo,Travel & Subsistence
Ocado,Travel & Subsistence
Starbucks,Travel & Subsistence
Rising Star Coffee,Travel & Subsistence
Beet Jar Juicebar,Travel & Subsistence
Coffee,Travel & Subsistence
Algerian Coffee,Travel & Subsistence
Waitrose,Travel & Subsistence
Krispy Kreme,Travel & Subsistence
Superdrug,Travel & Subsistence
Sainsbury's,Travel & Subsistence
WH Smith,Travel & Subsistence
WAITROSE LONDON,Travel & Subsistence
Nandos,Travel & Subsistence
STARBUCK,Travel & Subsistence
STARBUCKS STORE,Travel & Subsistence
Suzette Limited,U.K. Entertainment
Little Bread Pedler,U.K. Entertainment
Hedonism.co.uk,U.K. Entertainment
Natoora,U.K. Entertainment
Golborne Deli,U.K. Entertainment
Locanda Locatelli,U.K. Entertainment
Extreme Chocolate,U.K. Entertainment
Sabor,U.K. Entertainment
La Fromagerie,U.K. Entertainment
IL Molino,U.K. Entertainment
Ottolenghi,U.K. Entertainment
LBP Pimlico,U.K. Entertainment
Dorset Dairy Market,U.K. Entertainment
Hackfield Catering,U.K. Entertainment
The Roasting Party,U.K. Entertainment
Boulangerie Jade,U.K. Entertainment
Chsiou Restaurant,U.K. Entertainment
Bayley & Sage,U.K. Entertainment
Roka,U.K. Entertainment
FCB,U.K. Entertainment
Redemption Roasters,U.K. Entertainment
The River Cafe,U.K. Entertainment
Bond Street Coffee,U.K. Entertainment
Partridges of Sloane Square,U.K. Entertainment
Gail's,U.K. Entertainment
Juicebaby Ltd,U.K. Entertainment
Dinings,U.K. Entertainment
Barrrafina,U.K. Entertainment
Zafferano Restaurant,U.K. Entertainment
Supper London,U.K. Entertainment
Oliveto London,U.K. Entertainment
Bar Italia,U.K. Entertainment
Koya London,U.K. Entertainment
Coffee Tzar,U.K. Entertainment
Cafe Murano,U.K. Entertainment
The Coffee,U.K. Entertainment
Defune Restaurant,U.K. Entertainment
Victoria SST,U.K. Entertainment
Paul,U.K. Entertainment
Pimlico Shopper,U.K. Entertainment
HMS Host,U.K. Entertainment
Casa Brindisa,U.K. Entertainment
Monmouth Coffee,U.K. Entertainment
Aramark,U.K. Entertainment
Best One,U.K. Entertainment
Baxterstorey Limited,U.K. Entertainment
The Feel Good Baker,U.K. Entertainment
Iicocha London,U.K. Entertainment
Lynette Naidoo,U.K. Entertainment
Caffe Nero,U.K. Entertainment
The Oyster and Fish House,U.K. Entertainment
Crush London,U.K. Entertainment
The Cobb Arms,U.K. Entertainment
The San Francisco Bath,U.K. Entertainment
The Club at the Ivy,U.K. Entertainment
L&L Beans Ltd,U.K. Entertainment
Pizza Pilgrims,U.K. Entertainment
Ikeda Restaurant,U.K. Entertainment
Cafe Oto,U.K. Entertainment
The Sea,U.K. Entertainment
Bread Ahead,U.K. Entertainment
Hagen Espresso Bar,U.K. Entertainment
Joe Welch,U.K. Entertainment
Borough Kitchen,U.K. Entertainment
Bocca Di Lupo,U.K. Entertainment
The Wolseley Restaurant,U.K. Entertainment
1213 New Oxford Street,U.K. Entertainment
KOL MJMK,U.K. Entertainment
The Colony Grill,U.K. Entertainment
Delfont Mackintosh Theatres,U.K. Entertainment
Wok and Fire,U.K. Entertainment
Leicester Square,U.K. Entertainment
Japan Centre,U.K. Entertainment
Slice London,U.K. Entertainment
Hoppers London,U.K. Entertainment
Hummingbird Baker,U.K. Entertainment
Secret Sandwich Shop,U.K. Entertainment
Denbigh Food & Wine London,U.K. Entertainment
St. John Restaurant,U.K. Entertainment
Finns of Chelsea,U.K. Entertainment
Pierre Herme,U.K. Entertainment
Restaurant Totalp,U.K. Entertainment
Watchhouse,U.K. Entertainment
Arbequina Oxford,U.K. Entertainment
Somsaa Restaurant,U.K. Entertainment
Lahore Kebab House,U.K. Entertainment
American Candy Shop,U.K. Entertainment
Sacred Cafe,U.K. Entertainment
Master Bao,U.K. Entertainment
PARADISE LONDON,U.K. Entertainment
The Dorset Dairy,U.K. Entertainment
Electric House,U.K. Entertainment
Scott's,U.K. Entertainment
Pizzeria Da Mario,U.K. Entertainment
Brunch Corner,U.K. Entertainment
Fernando Monzo Ramón,U.K. Entertainment
The Arsenal Football Club,U.K. Entertainment
Chess & Bridge Limited,U.K. Entertainment
JB Lainchbury,U.K. Entertainment
Lartisan Du Chocolat,U.K. Entertainment
Al Hayat Pimlico,U.K. Entertainment
Flowerbx,U.K. Entertainment
Brasserie Zedel London,U.K. Entertainment
Brawn,U.K. Entertainment
Fresh Fitness Food,U.K. Entertainment
Apla Souvlaki,U.K. Entertainment
Atecha Brighton,U.K. Entertainment
Streamline Brighton,U.K. Entertainment
The Clove Club,U.K. Entertainment
Oscar Bar and Restaurant,U.K. Entertainment
ITSU,U.K. Entertainment
St. Pancras Renaissance Hotel London,U.K. Entertainment
Pressed Juicery,U.K. Entertainment
Walgreens,U.K. Entertainment
Shutters on the Beach,U.K. Entertainment
Wild Country Organics,U.K. Entertainment
The Almeida Bar,U.K. Entertainment
Selfridges,U.K. Entertainment
Jeroboams,U.K. Entertainment
Laithwaites,U.K. Entertainment
Greek Street,U.K. Entertainment
The Creel,U.K. Entertainment
Portland,U.K. Entertainment
Fallow,U.K. Entertainment
SK Sweets,U.K. Entertainment
Lavershot Barns Farm,U.K. Entertainment
Roadchef Motorways,U.K. Entertainment
Saltpig Curing Company,U.K. Entertainment
Spring Food Limited,U.K. Entertainment
Xian Impression,U.K. Entertainment
Hungry Cunning,U.K. Entertainment
Quo Vadis,U.K. Entertainment
Pumpkin Tonbridge,U.K. Entertainment
3c Payment,U.K. Entertainment
Dark Habit Ltd,U.K. Entertainment
London Screen Academy,U.K. Entertainment
East One Coffee,U.K. Entertainment
The Beaumont Hotel,U.K. Entertainment
Murano Restaurant,U.K. Entertainment
Sachi Park Street,U.K. Entertainment
EGP,U.K. Entertainment
Kol Restaurants,U.K. Entertainment
Eat Tokyo,U.K. Entertainment
Kona Coffee Roasters,U.K. Entertainment
Gold,U.K. Entertainment
The Standard London,U.K. Entertainment
Lina Stores,U.K. Entertainment
Kazu London,U.K. Entertainment
Good Life Eatery,U.K. Entertainment
The Garratt & Gauge,U.K. Entertainment
LE CHATEAUBRIAND,U.K. Entertainment
Kanada-Ya,U.K. Entertainment
The Ledbury,U.K. Entertainment
Christian Weger & Co,U.K. Entertainment
BAITA LA MARMOTTA,U.K. Entertainment
Taste of Tuscany,U.K. Entertainment
St John Marylebone,U.K. Entertainment
Waldorf Astoria,U.K. Entertainment
Remedy Place,U.K. Entertainment
J Sheekey,U.K. Entertainment
Chisou,U.K. Entertainment
The Arts Club,U.K. Entertainment
Embankment,U.K. Entertainment
Sneaker Science,U.K. Entertainment
Ayash Ltd,U.K. Entertainment
Zuma,U.K. Entertainment
Dolphin News,U.K. Entertainment
LS London Regent Street,U.K. Entertainment
ETSU,U.K. Entertainment
Kiyomi,U.K. Entertainment
Pastis,U.K. Entertainment
Queen's Arms,U.K. Entertainment
The Ship and Shovell,U.K. Entertainment
Crosby Street Hotel,U.K. Entertainment
Clarette,U.K. Entertainment
212 Catering,U.K. Entertainment
Bar 21 Ltd,U.K. Entertainment
Dishoom,U.K. Entertainment
Quality Bistro,U.K. Entertainment
Rodney Scotts BBQ,U.K. Entertainment
Ham Yard and Restaurant,U.K. Entertainment
The Berkeley,U.K. Entertainment
Santa Maria Novella,U.K. Entertainment
Sophie Crystal,U.K. Entertainment
L Terroni,U.K. Entertainment
Jailson Das Candeias,U.K. Entertainment
Omakase Shibuyaku,U.K. Entertainment
Ginza Sato Yosuke,U.K. Entertainment
Over the Counter,U.K. Entertainment
Tresco,U.K. Entertainment
Cinquecento,U.K. Entertainment
Rakutenpay Barnakagawa,U.K. Entertainment
Rakutenpay Asakurachoso,U.K. Entertainment
Arcade Food Hall,U.K. Entertainment
Double Seven,U.K. Entertainment
The Ninth,U.K. Entertainment
ARTIST RESIDENCE,U.K. Entertainment
Trinity,U.K. Entertainment
Joe & The Juice,U.K. Entertainment
Dorian Restaurant,U.K. Entertainment
Honi Poke,U.K. Entertainment
Browns Hotel,U.K. Entertainment
Porters Dulwich London,U.K. Entertainment
Fresh & Wild,U.K. Entertainment
Strakers,U.K. Entertainment
Pitch Soho,U.K. Entertainment
Pantechnicon London,U.K. Entertainment
Truffle Bateman,U.K. Entertainment
Scarlett Green,U.K. Entertainment
Tintico,U.K. Entertainment
Rifat,U.K. Entertainment
Mortimer Opco,U.K. Entertainment
The Crusting Pipe,U.K. Entertainment
Bloomsbury Squar,U.K. Entertainment
Emirate London,U.K. Entertainment
Waterstone's,U.K. Entertainment
Crusting Pipe,U.K. Entertainment
Wild & Green Kitchen,U.K. Entertainment
B Bagel London,U.K. Entertainment
Ivy Brasserie Soho,U.K. Entertainment
Townhouse 22,U.K. Entertainment
Hache Burger Connoisseu,U.K. Entertainment
Arsenal Direct,U.K. Entertainment
Da Marusco E Maria Pienza,U.K. Entertainment
Teron Coffee Air Tokyo,U.K. Entertainment
ATMOS Ginza,U.K. Entertainment
Seirinkan mu hei qu,U.K. Entertainment
310 Portobello London,U.K. Entertainment
RWRD LTD LONDON,U.K. Entertainment
The Delaunay Restaurant,U.K. Entertainment
Cinema,U.K. Entertainment
National Theatre,U.K. Entertainment
SHOREDITCH HO,U.K. Entertainment
Chez Restaurant,U.K. Entertainment
Le Deli Rebuchon Chelse,U.K. Entertainment
The Bountiful Cow,U.K. Entertainment
Maroush Beauchamp Place,U.K. Entertainment
Delaware North,U.K. Entertainment
Bao london,U.K. Entertainment
THE ROASTING PARTY LIMI London,U.K. Entertainment
BFI Southbank,U.K. Entertainment
Grancer & Co,U.K. Entertainment
Pizza Express,U.K. Entertainment
ZUMA London 16256776002 London,U.K. Entertainment
Shepperton Connect,U.K. Entertainment
WILL TO WIN LONDON,U.K. Entertainment
JUMA JUBILEE LI LONDON,U.K. Entertainment
Koya Soho,U.K. Entertainment
The Gordon Enterprises,U.K. Entertainment
Hare and Hounds,U.K. Entertainment
Roasting Plant Coffee,U.K. Entertainment
Itadakizen,U.K. Entertainment
Notes Coffee Kings,U.K. Entertainment
Kreation Organic Juicer,U.K. Entertainment
Rosie Restaurant,U.K. Entertainment
Doughnut time,U.K. Entertainment
Pure London,U.K. Entertainment
Red Pitch Tickets,U.K. Entertainment
Sabor London,U.K. Entertainment
The IVY Market,U.K. Entertainment
Jeremy King Restaurant,U.K. Entertainment
Pentolina,U.K. Entertainment
The SeaThe Sea,U.K. Entertainment
London Cheesemongers,U.K. Entertainment
ICA Bar,U.K. Entertainment
Tom Tom Ltd,U.K. Entertainment
The Y,U.K. Entertainment
Panzers,U.K. Entertainment
Blakes of Belgravia London,U.K. Entertainment
Cafe Boheme,U.K. Entertainment
Soderberg,U.K. Entertainment
Food4Love,U.K. Entertainment
PORTA AL CASSERO MONTALCINO,U.K. Entertainment
Bar Termini,U.K. Entertainment
Le Clarence Paris,U.K. Entertainment
Sakurado London,U.K. Entertainment
Honey And Co,U.K. Entertainment
GJusta Venice,U.K. Entertainment
Bibis Golden,U.K. Entertainment
LS The Pelican Pub,U.K. Entertainment
Press Coffee,U.K. Entertainment
Cabie,U.K. Entertainment
Gail's Southed Green,U.K. Entertainment
Noble Rot,U.K. Entertainment
Ilsolabella Restaurant,U.K. Entertainment
INKO NITO 55 BROADWICK,U.K. Entertainment
Broadwick Street,U.K. Entertainment
DAROCO SOHO LONDON,U.K. Entertainment
Tozi Restaurant,U.K. Entertainment
GRUB LIMITED LONDON,U.K. Entertainment
LOCANDA LOCATELLI LONDON,U.K. Entertainment
RESTAURANT TIM RAUE BERLIN,U.K. Entertainment
RESTAURANT NOBELHART UN BERLIN,U.K. Entertainment
LISBOETA LONDON,U.K. Entertainment
PANZERS DELICATESSEN,U.K. Entertainment
Thomas Friedman,U.K. Entertainment
THE LANGLEY IVER,U.K. Entertainment
Corrochio's Dalston,U.K. Entertainment
ANDRE ROSTANT LONDON,U.K. Entertainment
HANEDA AIRPORT TERMINAL,U.K. Entertainment
THE NINTH LONDON,U.K. Entertainment
JOLENE NEWINGTON GREEN,U.K. Entertainment
The Seven Stars,U.K. Entertainment
The Seven Stars London,U.K. Entertainment
THE BAGUETTE FU LONDON,U.K. Entertainment
8EA36 ULTRA BO,U.K. Entertainment
CHELSEA CREPERIE LONDON,U.K. Entertainment
GARRICK THEATRE,U.K. Entertainment
LONDON THE CLUB AT THE IVY,U.K. Entertainment
LONDON SHRINE TO THE VINE,U.K. Entertainment
SHOWCASE CINEMAS,U.K. Entertainment
Gotschna Klosters,U.K. Entertainment
The Alberts Deli Richmond,U.K. Entertainment
SP RACHEL VOSPER LONDON,U.K. Entertainment
195 Piccadilly London,U.K. Entertainment
Refuel Bar and Restaurat,U.K. Entertainment
OYESO,U.K. Entertainment
Lina Stores Kings Cross,U.K. Entertainment
COLBERT RESTAURANT,U.K. Entertainment
SUSHISUMI,U.K. Entertainment
DUDLEY'S,U.K. Entertainment
NOW LONDON,U.K. Entertainment
Supermarket of Dreams,U.K. Entertainment
Zizzi Central St Giles LONDON,U.K. Entertainment
The Rajdoot London,U.K. Entertainment
FABRIQUE FITZROVIA,U.K. Entertainment
RICHIE_S,U.K. Entertainment
Leon,U.K. Entertainment
CAFEXPRESS SHOP,U.K. Entertainment
HOPE AND MAIN DOWNT,U.K. Entertainment
BOS HUDSON,U.K. Entertainment
Welcome Break,U.K. Entertainment
Sally Clarke,U.K. Entertainment
Harry's Bar London,U.K. Entertainment
SP RIVER CAFE SHOP,U.K. Entertainment
CFC Tickets,U.K. Entertainment
Waterhouse Of Kensington,U.K. Entertainment
Mortimers Cafe,U.K. Entertainment
Chiltern Street Hotel,U.K. Entertainment
Taco Bell,U.K. Entertainment
Philip Milstein,U.K. Entertainment
Clarkes Restaurant,U.K. Entertainment
Bleecker St. Burger,U.K. Entertainment
The Gelateria,U.K. Entertainment
Koyas Bar,U.K. Entertainment
Upper Crust,U.K. Entertainment
Gelato London,U.K. Entertainment
Brasseria London,U.K. Entertainment
Granger & Co,U.K. Entertainment
John Restaurant,U.K. Entertainment
The Wolseley London,U.K. Entertainment
Southbank Centre,U.K. Entertainment
The Savoy Hotel,U.K. Entertainment
La Fromagerie Ltd,U.K. Entertainment
Lurra London,U.K. Entertainment
Gails,U.K. Entertainment
34 Mayfair London,U.K. Entertainment
Royal China Club Restaurant,U.K. Entertainment
Flesh and Buns London,U.K. Entertainment
Corbin & King Restaurant Group Ltd,U.K. Entertainment
Spotify UK London,U.K. Entertainment
M&S,U.K. Entertainment
25 Albemarle Limited,U.K. Entertainment
Wolseley Restaurant,U.K. Entertainment
Nobu Restaurant,U.K. Entertainment
Ole and Steen,U.K. Entertainment
Moro London,U.K. Entertainment
MIMI MEI FAIR,U.K. Entertainment
Notting Hill Fish,U.K. Entertainment
C London,U.K. Entertainment
The Grand Portobello,U.K. Entertainment
Wiltons,U.K. Entertainment
Mandarin Oriental,U.K. Entertainment
Mubi London,U.K. Entertainment
Din Tai Fung,U.K. Entertainment
Spring London,U.K. Entertainment
Casa Cruz,U.K. Entertainment
Akira Restaurant,U.K. Entertainment
Harrys Bar Ltd,U.K. Entertainment
Bell Hotel,U.K. Entertainment
Chisou London,U.K. Entertainment
Byron Burger,U.K. Entertainment
National Galleries of Edinburgh,U.K. Entertainment
Six Portland Road,U.K. Entertainment
Chez Mumtaj,U.K. Entertainment
Panzer Delicatessen,U.K. Entertainment
Claridge's,U.K. Entertainment
Ham Yard,U.K. Entertainment
Langans Brasserie,U.K. Entertainment
Black Bear Burger,U.K. Entertainment
Mells Inn Ltd,U.K. Entertainment
Estorick Collection,U.K. Entertainment
A Wong Limited,U.K. Entertainment
Wasabi London,U.K. Entertainment
Theatre Royal Bath,U.K. Entertainment
Ubakendol,U.K. Entertainment
Peponi Hotel,U.K. Entertainment
Miznon restaurant,U.K. Entertainment
L'enclume,U.K. Entertainment
Mount Street Restaurant,U.K. Entertainment
The Beverly Hills Hotel,U.K. Entertainment
Naama London,U.K. Entertainment
Honest Burger,U.K. Entertainment
Abroad Expenses,U.K. Entertainment
Sushi Park Corporation,U.K. Entertainment
Shinnecock Hills Golf,U.K. Entertainment
Maison Estelle,U.K. Entertainment
EL&N Heathrow,U.K. Entertainment
Akub Restaurant,U.K. Entertainment
Edinburgh University,U.K. Entertainment
The Balmoral Hotel,U.K. Entertainment
The Scran and Scallie,U.K. Entertainment
Orlebar Brown London,U.K. Entertainment
The Trave London,U.K. Entertainment
Love & brudenell,U.K. Entertainment
Poke House,U.K. Entertainment
THE GATE LONDON,U.K. Entertainment
Suzi Tros London,U.K. Entertainment
Huo London,U.K. Entertainment
Caviar Kaspia London,U.K. Entertainment
TASTES ON THE FLY,U.K. Entertainment
Creme,U.K. Entertainment
Maison Puget,U.K. Entertainment
Ottolenghi Islington,U.K. Entertainment
Jusu Brothers,U.K. Entertainment
SQ Ica Bar,U.K. Entertainment
Daylesford Organic,U.K. Entertainment
310 Portobello Rd,U.K. Entertainment
Ticketmaster,U.K. Entertainment
Duke of York's Theatre,U.K. Entertainment
Picto - Grands Boulevards,U.K. Entertainment
L'Affable,U.K. Entertainment
First Class Cafe,U.K. Entertainment
The Palomar London,U.K. Entertainment
NYA*Tesco,U.K. Entertainment
GAIL's Bakery Askew Road,U.K. Entertainment
Gail's Bakery,U.K. Entertainment
Picturehouse Central,U.K. Entertainment
Supper.London,U.K. Entertainment
Saltine Londn,U.K. Entertainment
Winter Restaurant,U.K. Entertainment
Ginger Pig Buckinghamshi,U.K. Entertainment
Aragawa London,U.K. Entertainment
GAIL's Bakery Chiswick,U.K. Entertainment
Birley Bakery,U.K. Entertainment
Shake Shack,U.K. Entertainment
Uber Eats,U.K. Entertainment
Croissant Consorti,U.K. Entertainment
Sarabeth's,U.K. Entertainment
Whoop Boston,U.K. Entertainment
Labour and Wait,U.K. Entertainment
5 Hertford Street Club,U.K. Entertainment
Costa,U.K. Entertainment
Roji,U.K. Entertainment
Bayley Marylebone,U.K. Entertainment
Richmond HC Chiswick,U.K. Entertainment
STECCA (LONDON,U.K. Entertainment
CUT BAR AND RESTAURANT (LONDON),U.K. Entertainment
Natoora Ltd (London),U.K. Entertainment
CLARKES RESTAURANT (LONDON),U.K. Entertainment
Pecan Square Cafe,U.K. Entertainment
Courthouse Hotel Soho (London),U.K. Entertainment
Royal Albert Hall (London),U.K. Entertainment
DUMBARNIE - RESTAURAN (LEVEN),U.K. Entertainment
Hachi Bakery (London),U.K. Entertainment
Acai Ver?u (London),U.K. Entertainment
KINGSBARNS GOLF LINKS,U.K. Entertainment
Soho House Electric F,U.K. Entertainment
The Thief (Oslo),U.K. Entertainment
BRASSERIA NOTTING,U.K. Entertainment
CO-OPERATIVE,U.K. Entertainment
How Matcha,U.K. Entertainment
England Hockey,U.K. Entertainment
BACON (ANTIBES),U.K. Entertainment
Sc Le Caruso,U.K. Entertainment
Ten Hill Place,U.K. Entertainment
Andrew Mullen,U.K. Entertainment
Coffee Shop,U.K. Entertainment
Feggaros,U.K. Entertainment
DAPHNE',U.K. Entertainment
Venetis AE,U.K. Entertainment
AZN LAX Cafe,U.K. Entertainment
Lax Relay,U.K. Entertainment
LIGHTHOUSECLUB,U.K. Entertainment
KENSINGTON RG LTD,U.K. Entertainment
MAXICOFFEE SUD,U.K. Entertainment
L'OCRIER,U.K. Entertainment
NIMAX THEATRES LIMITED (LONDON),U.K. Entertainment
Fortnum Mason (London),U.K. Entertainment
RedFarm (London),U.K. Entertainment
La fromagerie maryleb (London),U.K. Entertainment
SLIEVE DONARD RESORT A,U.K. Entertainment
UCD SCRUBS CAFE,U.K. Entertainment
DAVIS CREAMERY,U.K. Entertainment
NOTTING HILL FISH AND,U.K. Entertainment
ROYAL COURT BAR & KITC,U.K. Entertainment
BLAIRS SILVERLAKE,U.K. Entertainment
Honest Limited,U.K. Entertainment
HAVSALT,U.K. Entertainment
FOUR SEASON THE BLVD,U.K. Entertainment
MATSUHISA CORPORATION,U.K. Entertainment
The Lighthouse Club,U.K. Entertainment
PIZZA,U.K. Entertainment
91 ON BREE (CAPE TOWN),U.K. Entertainment
REDEMPTION BURGERS (Cape Town),U.K. Entertainment
ZEITZ MOCAA (CAPE TOWN),U.K. Entertainment
Yoco *Sweet Dreams (Cape Town),U.K. Entertainment
RIP CURL CAPETOWN (CAPE TOWN),U.K. Entertainment
Superga Canalwalk (Cape Town),U.K. Entertainment
Busters (London),U.K. Entertainment
J SHEEKEY - COVENT GAR (LONDON),U.K. Entertainment
Maison Francois,U.K. Entertainment
LIDGATE BUTCHERS (London),U.K. Entertainment
Lord Pesto (Cambridge),U.K. Entertainment
Mayha,U.K. Entertainment
THE ROYAL PARKS,U.K. Entertainment
HMRC,VAT Liability
LS GRILL & GEAR,Vehicle Fuel
towcester motoring,Vehicle Fuel
CHERWELL VALLE,Vehicle Fuel
WOODHATCH SERVICE STATI REIGATE,Vehicle Fuel
Shell,Vehicle Fuel
esso,Vehicle Fuel
LEITH HILL SERVICE,Vehicle Fuel
BRACKLEYS SERVICE STAT,Vehicle Fuel
BAYNARDS GREEN Bicester,Vehicle Fuel
BP,Vehicle Fuel
SHELL SERVICE,Vehicle Fuel
A Class Corporate Travel UK Ltd,Working Title expenses
De Pinna,Working Title expenses
Working Title Films Ltd,Working Title expenses
Working Title Film,Working Title expenses
Enjoy Benefits Ltd,Workplace Nursery
